LOC,Year,Nitro,Weed,Code,EFFECT,EHT,FDS,FDT,PHT,RTA,GWT,MST,TWT,YIELD,PROT,SDL,STR,SDS,OIL,RLA
UIUC2020,2020,N1,WMINUS,CHECK,N1WMINUS,72.69676978,1.950898499,1.932820726,163.6007746,61.74778413,5.49358047,15.69433303,56.23057778,50.8753063,8.148124318,23.16499885,72.40166733,20.90136848,3.869196148,55.19011632
UIUC2020,2020,N1,WMINUS,ORG1,N1WMINUS,83.66186102,1.940053411,1.9138923,178.1475055,61.59799636,5.064547312,14.17373042,57.51077227,47.6129168,8.895721754,21.90326229,72.38853178,19.65814188,3.992456169,17.04594054
UIUC2020,2020,N1,WMINUS,ORG4,N1WMINUS,85.58075199,1.944331917,1.917721217,170.4195548,60.25310589,5.006750099,18.95627088,52.27769654,44.8305462,9.269520472,22.75921469,72.3943771,20.59904109,3.869196148,51.50734395
UIUC2020,2020,N1,WMINUS,UIUC1,N1WMINUS,72.69676978,1.945549601,1.923401424,170.1164979,61.67534507,5.887046113,19.20152936,53.01886177,52.50780029,8.097055439,23.5811454,72.40902681,20.43996703,3.71107465,17.8900724
UIUC2020,2020,N1,WMINUS,UIUC2,N1WMINUS,83.79892467,1.954306035,1.933046756,171.9348392,65.44251289,6.112013694,17.73972016,54.29878291,56.09909245,7.870997682,22.78606267,72.40862918,20.61078175,3.745936127,19.59928574
UIUC2020,2020,N1,WMINUS,UIUC3,N1WMINUS,80.23527001,1.953114608,1.929683903,176.935278,60.1303637,5.24460786,16.30747924,55.44449344,48.28512315,8.259669725,22.93748461,72.40665994,20.79961743,3.742449928,17.697165
UIUC2020,2020,N1,WMINUS,UIUC4,N1WMINUS,82.29122461,1.954450064,1.932176828,187.5422693,62.35576791,5.66697211,13.19269648,58.47653303,53.79079895,8.332157896,22.49373556,72.40305,20.63003235,3.783758782,19.19752552
UIUC2020,2020,N1,WMINUS,UIUC6,N1WMINUS,65.15826955,1.957736263,1.936180616,141.3260929,62.5645764,5.801051588,12.24413875,59.46080141,61.00275853,8.554147063,22.35526458,72.81773602,20.17296534,3.849026326,19.17195647
UIUC2020,2020,N1,WMINUS,UIUC7,N1WMINUS,77.76812448,1.929410332,1.902894325,177.6929202,63.13389351,4.531330297,15.53001304,55.7180655,42.3490626,8.038562625,21.96332752,72.40580503,19.81472364,3.779552496,18.04880101
UIUC2020,2020,N1,WMINUS,UIUC8,N1WMINUS,63.78763315,1.962969525,1.941407949,141.7806783,63.65349684,6.136018723,14.63972154,57.44339361,57.70440709,8.451030176,21.50820734,72.40009107,19.4013153,3.846785235,19.66596065
UIUC2020,2020,N1,WPLUS,CHECK,N1WPLUS,75.84923351,1.961441043,1.93604349,158.6003359,60.83479168,2.796294453,8.738413225,61.07658141,26.93267284,8.438140565,22.16223053,72.4002881,19.83672093,3.835579779,56.48578745
UIUC2020,2020,N1,WPLUS,ORG1,N1WPLUS,82.97654282,1.951862304,1.927884708,172.8440099,60.31946887,3.283106891,9.142014415,60.86315446,32.26020798,8.734601617,21.58624628,72.39043644,19.18872171,3.97676853,16.99643531
UIUC2020,2020,N1,WPLUS,ORG4,N1WPLUS,82.29122462,1.941053319,1.911805399,162.0854902,62.08046147,2.916346356,11.41930789,58.18008632,27.46555264,9.224406834,21.75791361,72.38780932,19.51683904,3.9588398,18.52909896
UIUC2020,2020,N1,WPLUS,UIUC1,N1WPLUS,73.38208798,1.944053725,1.923968625,173.904709,59.15678916,2.272497328,8.986513465,60.11608036,21.41789698,8.012783403,22.12802545,72.40981138,20.32337051,3.685426662,18.86376326
UIUC2020,2020,N1,WPLUS,UIUC2,N1WPLUS,74.75272439,1.958075146,1.933760822,163.6007746,61.3574687,3.225051251,12.17645753,58.09319147,30.41856963,7.987004181,22.72097469,72.4073813,20.59058892,3.743695036,18.78094456
UIUC2020,2020,N1,WPLUS,UIUC3,N1WPLUS,79.54995181,1.964247613,1.940641407,170.8741401,60.10079056,3.295114159,9.406777241,60.37384754,32.15149721,8.283465233,22.69731541,72.40541097,20.52838967,3.732489579,17.09631504
UIUC2020,2020,N1,WPLUS,UIUC4,N1WPLUS,77.4939972,1.943751528,1.919637404,178.4505625,60.19060792,2.584774432,6.564451369,62.2641444,25.10504353,8.579926285,22.09996444,72.40133895,20.22007532,3.784034679,18.88683335
UIUC2020,2020,N1,WPLUS,UIUC6,N1WPLUS,74.75272439,1.959075262,1.936654331,150.4177997,61.00188985,4.399637842,10.31344133,60.21814325,45.62747934,8.386582121,22.35278861,72.39963132,20.25857059,3.862472874,19.67931582
UIUC2020,2020,N1,WPLUS,UIUC7,N1WPLUS,73.38208798,1.94808514,1.923415991,165.1160591,57.36323652,3.959193522,12.05849477,58.29036401,40.09336788,7.97411457,21.76924806,72.40554232,19.54447112,3.779552496,17.56270641
UIUC2020,2020,N1,WPLUS,UIUC8,N1WPLUS,67.89954236,1.957310668,1.932870045,148.5994584,61.44407748,2.525915877,6.825786212,62.31711651,24.56024178,8.496143814,21.58789693,72.39904022,19.34291952,3.842303052,18.08310095
UIUC2020,2020,N2,WMINUS,CHECK,N2WMINUS,84.21011559,1.948916556,1.924594515,180.2689038,56.26269408,6.216045634,15.05666097,56.90436435,58.28844007,8.57348148,23.72897005,72.39949997,21.27196335,3.842303052,50.15887201
UIUC2020,2020,N2,WMINUS,ORG1,N2WMINUS,85.03249743,1.951693693,1.926732571,173.2985953,57.51474983,5.10014765,13.38529731,57.86147186,48.5254878,9.037199383,22.14233106,72.38801057,19.99330268,3.993775223,17.08355383
UIUC2020,2020,N2,WMINUS,ORG4,N2WMINUS,85.30662471,1.940536805,1.917821798,163.6007746,62.21337544,5.460235924,17.50434065,53.42313371,47.96913819,9.482199053,22.33096338,72.3872839,20.14078211,4.602033001,19.53902715
UIUC2020,2020,N2,WMINUS,UIUC1,N2WMINUS,90.10385213,1.924812646,1.902062483,183.2994727,59.48490514,8.57461652,20.67308028,52.27769654,75.51892465,8.438140565,23.21988287,72.40580503,21.36737528,3.714560849,18.20035217
UIUC2020,2020,N2,WMINUS,UIUC2,N2WMINUS,86.54019747,1.94076144,1.909814887,178.7536193,60.65470446,8.523488216,23.17471682,50.48093234,73.07400643,8.560591869,23.22157937,72.40002539,21.00864594,3.810927774,18.90404166
UIUC2020,2020,N2,WMINUS,UIUC3,N2WMINUS,87.36257932,1.931389889,1.898429147,186.0269848,57.07789827,5.000146181,16.36281876,55.11379816,47.61264609,8.663708757,23.42589284,72.40015675,21.36168632,3.790757953,18.98473568
UIUC2020,2020,N2,WMINUS,UIUC4,N2WMINUS,82.70241554,1.922252443,1.897922283,196.3309192,64.11338284,7.703212385,16.72441867,55.48941255,71.23680732,8.2447964,22.95637535,72.40514826,21.11158896,3.745936127,20.10104493
UIUC2020,2020,N2,WMINUS,UIUC6,N2WMINUS,85.44368835,1.948031682,1.927128139,172.2378961,59.23793946,5.344641498,12.37108056,59.46475334,51.0834719,8.960169809,22.95160681,72.39562498,20.78043752,3.853508509,18.03091612
UIUC2020,2020,N2,WMINUS,UIUC7,N2WMINUS,85.03249743,1.90745789,1.880581571,186.784627,54.83500624,4.877194115,14.91259488,56.50011917,45.06760201,8.277020428,22.48869191,72.405608,20.32412904,3.739212853,16.78307287
UIUC2020,2020,N2,WMINUS,UIUC8,N2WMINUS,81.19471549,1.945285703,1.928270983,165.5706445,61.39334145,6.680831047,15.36753458,56.99252334,63.40453106,9.089065918,22.38364654,72.39575634,20.19063904,3.81989214,19.3137183
UIUC2020,2020,N2,WPLUS,CHECK,N2WPLUS,87.08845203,1.945771001,1.920904989,175.2684651,59.55084624,3.827436363,10.00369707,60.37384754,37.84875159,8.670153562,22.67943339,72.3979237,20.4186199,3.862472874,51.67830307
UIUC2020,2020,N2,WPLUS,ORG1,N2WPLUS,76.53455171,1.96594314,1.942768523,153.4483687,61.50847137,6.855843982,19.44678785,54.21670457,131.0176941,9.21424801,22.0707113,72.38786586,19.84018849,3.99240301,18.67215413
UIUC2020,2020,N2,WPLUS,ORG4,N2WPLUS,84.48424287,1.95232017,1.923817157,161.6309048,57.47586238,3.445341815,11.68720681,58.01496697,34.29450811,9.230851639,22.45622918,72.38977966,20.06297886,3.920741248,17.55575598
UIUC2020,2020,N2,WPLUS,UIUC1,N2WPLUS,87.91083388,1.935701498,1.914978956,177.5413918,58.73713501,3.197252736,12.55992959,57.7353678,29.79269758,8.414395637,22.25485019,72.40547956,20.37278316,3.736211259,18.16925927
UIUC2020,2020,N2,WPLUS,UIUC2,N2WPLUS,82.29122462,1.956329824,1.930876693,174.0562375,63.11095703,3.159308542,11.94248855,58.46973583,29.87556202,8.32672605,23.12950993,72.4026549,21.12350868,3.821211193,19.53822323
UIUC2020,2020,N2,WPLUS,UIUC3,N2WPLUS,80.50939729,1.959161517,1.933937399,171.0256685,59.9015911,3.331894035,6.656254859,61.25088214,33.72677025,8.438140565,23.01370102,72.40311225,20.84852452,3.752659401,18.6747674
UIUC2020,2020,N2,WPLUS,UIUC4,N2WPLUS,89.55559756,1.929158655,1.902779411,178.299034,60.23816974,4.50384578,12.5598618,58.7020489,44.11463638,8.360802899,22.14288127,72.40370335,20.31166752,3.76834704,19.26596494
UIUC2020,2020,N2,WPLUS,UIUC6,N2WPLUS,78.45344268,1.949097234,1.926108209,154.6605963,60.49531946,2.990930043,8.492142024,60.78160331,29.13996739,8.708822395,22.39909844,72.39930294,20.10285573,3.810927774,17.46087756
UIUC2020,2020,N2,WPLUS,UIUC7,N2WPLUS,87.08845203,1.932136291,1.910280535,193.4518787,60.96759488,4.119613212,13.47449702,57.60110834,39.84935129,8.282371623,21.72820196,72.4044332,19.58012191,3.773431161,18.71279065
UIUC2020,2020,N2,WPLUS,UIUC8,N2WPLUS,75.43804259,1.956777152,1.933101744,158.4488074,60.84403608,4.314093519,10.94487077,60.32349269,41.68190999,8.948732141,21.67891421,72.39785718,19.41744009,3.820262383,18.76485863
UIUC2020,2020,N3,WMINUS,CHECK,N3WMINUS,84.07305194,1.955625073,1.932583303,182.2387736,57.67803922,8.832481009,14.90950588,57.53323182,83.42074723,8.264130817,23.9985758,72.405608,21.73195611,3.795240135,52.44546583
UIUC2020,2020,N3,WMINUS,ORG1,N3WMINUS,80.92058821,1.943706014,1.923068352,166.3282867,59.95464895,6.297808307,15.30254319,56.41322432,59.49464069,9.256630861,22.75187847,72.38780932,20.26247159,3.949875435,18.26290434
UIUC2020,2020,N3,WMINUS,ORG4,N3WMINUS,93.94163406,1.939753087,1.914150746,176.935278,58.86418398,8.047772693,20.03540821,51.87342459,71.45812771,9.611095162,22.66714524,72.38629874,20.21360075,3.920741248,17.97832093
UIUC2020,2020,N3,WMINUS,UIUC1,N3WMINUS,78.86463361,1.936304424,1.917247967,171.6317824,63.64358667,8.216718393,21.75221761,51.31193578,71.50907288,8.470364592,23.15216048,72.40350631,21.37479801,3.770588131,19.61428818
UIUC2020,2020,N3,WMINUS,UIUC2,N3WMINUS,91.88567945,1.943690516,1.916062075,186.0269848,58.96848906,9.432682837,19.69204634,52.8616449,84.28191791,8.554147063,23.55024162,72.40252115,21.40513911,3.76834704,17.88782443
UIUC2020,2020,N3,WMINUS,UIUC3,N3WMINUS,98.46473421,1.918087518,1.890259751,197.3916183,58.51766329,7.963299843,18.63743485,54.05200118,72.08556028,8.876387338,23.04716096,72.3979237,21.0263088,3.799722318,18.36027524
UIUC2020,2020,N3,WMINUS,UIUC4,N3WMINUS,102.3025161,1.931071013,1.896037774,214.9689181,54.78650637,9.214831803,15.4245487,57.03912167,86.50526589,8.605705507,23.15546177,72.40258682,21.27152991,3.775070314,16.807473
UIUC2020,2020,N3,WMINUS,UIUC6,N3WMINUS,84.34717923,1.941652347,1.918328006,169.813441,59.79042057,5.986245033,12.44292222,59.51247406,58.23188785,8.91505617,23.21497678,72.39634744,21.04191279,3.857990692,18.58864016
UIUC2020,2020,N3,WMINUS,UIUC7,N3WMINUS,84.6213065,1.94455314,1.919259406,185.7239279,54.2526698,8.330089849,16.1357983,56.00598225,77.63988258,8.534812647,22.38653518,72.39989404,20.30343208,3.810927774,16.82819904
UIUC2020,2020,N3,WMINUS,UIUC8,N3WMINUS,74.06740619,1.947207214,1.929259656,164.8130022,66.25596545,8.023320026,14.29635966,57.69044869,75.46625551,9.147069168,22.69942457,72.39641311,20.61746247,3.831097596,20.46477121
UIUC2020,2020,N3,WPLUS,CHECK,N3WPLUS,94.62695226,1.945185342,1.922658758,193.7549356,56.82200419,5.513587198,11.45626641,60.18345902,53.17844255,8.186793151,22.95316576,72.40698723,20.68193731,3.741453944,48.9503753
UIUC2020,2020,N3,WPLUS,ORG1,N3WPLUS,91.88567945,1.951507277,1.924543486,178.4505625,54.81296224,3.076415561,7.480829909,61.80070518,29.94222231,9.11844552,22.66540289,72.39258369,20.46358974,3.929255824,15.24019427
UIUC2020,2020,N3,WPLUS,ORG4,N3WPLUS,101.0689434,1.952452209,1.929209561,191.9365942,59.85147067,5.455789985,17.09230639,54.38889447,49.75506233,9.346858138,22.48043867,72.38767797,19.92568537,3.934187796,18.11713664
UIUC2020,2020,N3,WPLUS,UIUC1,N3WPLUS,86.40313383,1.92960841,1.899632538,176.935278,56.58031677,3.403988922,11.21836568,59.26261737,32.3778012,8.534812647,22.92116154,72.40304657,21.14333876,3.766105948,16.45929966
UIUC2020,2020,N3,WPLUS,UIUC2,N3WPLUS,95.31227046,1.942031185,1.919927432,194.5125778,57.31012173,5.288800641,14.3601681,57.3111378,50.10316804,8.405916537,23.39242138,72.40481987,21.25603427,3.741453944,16.02895976
UIUC2020,2020,N3,WPLUS,UIUC3,N3WPLUS,108.1962527,1.934633,1.910541627,221.1815845,54.81289304,4.873371915,12.70217951,59.28507692,46.3091553,8.837718505,22.73723633,72.39930294,20.63616441,3.775070314,15.92647341
UIUC2020,2020,N3,WPLUS,UIUC4,N3WPLUS,104.9067253,1.933284577,1.900341089,215.5750319,57.47682673,6.251613149,12.75123121,59.39737468,60.02372386,8.650819146,22.89438437,72.40271818,21.01037972,3.752659401,17.75363076
UIUC2020,2020,N3,WPLUS,UIUC6,N3WPLUS,93.94163406,1.943699625,1.920039229,180.7234892,49.96409543,3.887472702,9.161269893,61.27091023,38.75679684,8.670153562,22.8955765,72.39936861,20.68237075,3.833338687,15.15398027
UIUC2020,2020,N3,WPLUS,UIUC7,N3WPLUS,100.7948161,1.931016634,1.889864192,205.422626,55.88160697,5.809025557,12.73538345,59.1359297,56.16810553,8.293754948,22.05429653,72.40410214,19.89566936,3.768373812,17.54963109
UIUC2020,2020,N3,WPLUS,UIUC8,N3WPLUS,77.76812448,1.949297513,1.92184099,177.6929202,54.649194,4.99785822,10.81614176,60.38559499,47.91224152,9.005283447,22.60955599,72.3985148,20.46586533,3.790757953,16.48506999
Macomb,2018,N1,WMINUS,ORG1,N1WMINUS,109.5367042,1.725369938,1.918281612,221.4919553,78.04592717,6.281436956,18.02428864,53.22099774,125.4021462,9.366192554,21.7294858,72.3766441,19.65890041,4.165020199,-1.025242169
Macomb,2018,N1,WMINUS,ORG2,N1WMINUS,94.64487409,1.725369938,1.891140588,220.0633182,80.19070089,4.462425354,19.74109803,54.07446074,82.88666469,9.752880883,22.40267484,72.38176697,19.77397987,3.970045256,0.422884775
Macomb,2018,N1,WMINUS,UIUC1,N1WMINUS,88.77839555,1.718658707,1.909557711,209.3485401,74.71638146,6.459909824,21.70316591,54.92792373,119.0640466,8.051452236,24.9171611,72.40718427,19.2115859,3.775070314,-1.189471323
Macomb,2018,N1,WMINUS,UIUC2,N1WMINUS,81.33248049,1.720620451,1.898248951,216.2536193,71.92148344,6.847105198,21.53148497,54.63594955,128.2948566,7.722767156,22.32014247,72.40935163,20.04444911,3.76834704,-1.312955016
Macomb,2018,N1,WMINUS,UIUC3,N1WMINUS,85.6195225,1.726402435,1.88338601,235.0640077,79.74352448,6.852146804,18.34312467,57.71290824,125.1917825,7.877442488,22.34407686,72.40600207,20.01519162,3.801963409,0.096089547
Macomb,2018,N1,WMINUS,UIUC4,N1WMINUS,88.77839555,1.700590007,1.885970869,245.3025735,87.95291231,6.679241857,17.64223308,54.50153757,130.896537,8.255533473,22.0879514,72.40522423,20.10133868,3.787689171,0.400848964
Macomb,2018,N1,WMINUS,UIUC5,N1WMINUS,83.13755081,1.727847931,1.899541381,198.3956557,79.75225342,4.862728905,17.63187506,54.88300463,91.78162767,8.457474981,20.91296553,72.40048514,18.74411623,3.815409957,-0.324253933
Macomb,2018,N1,WMINUS,UIUC6,N1WMINUS,76.36853712,1.696976268,1.87078482,199.8242928,83.07207,5.692577324,17.65640091,55.73646762,107.5444937,8.360802899,22.2656711,72.399697,20.0291702,3.869196148,0.957461065
Macomb,2018,N1,WMINUS,UIUC7,N1WMINUS,75.69163575,1.708849984,1.896956522,213.8725575,77.39762139,5.10170105,21.50695912,53.55789103,95.20867915,7.761435989,20.90553762,72.4067902,18.67649892,3.801963409,0.315200342
Macomb,2018,N1,WMINUS,UIUC8,N1WMINUS,73.43529785,1.720000953,1.904064885,220.0633182,68.55193008,4.051030269,17.16588394,54.70332821,75.50360461,8.534812647,20.05517908,72.39871184,17.63620011,3.869196148,0.088605687
Macomb,2018,N1,WPLUS,ORG1,N1WPLUS,101.188254,1.739205399,1.916989182,217.2060441,62.89921291,5.887183333,17.36209073,52.52475161,119.4653084,8.921500976,21.10554107,72.38058477,18.6478916,4.165020199,-1.819362888
Macomb,2018,N1,WPLUS,ORG2,N1WPLUS,93.96797272,1.724337441,1.895017877,213.8725575,77.93008684,4.172028823,20.08445991,53.13115953,77.92784448,9.404861387,21.65795774,72.38117587,19.28863062,4.064171091,0.019587866
Macomb,2018,N1,WPLUS,UIUC1,N1WPLUS,84.49135355,1.720207452,1.899541381,210.539071,75.29467385,6.387310691,21.53148497,54.6584091,118.9017972,7.896776904,21.53415918,72.4097457,19.58673194,3.714560849,-1.396316903
Macomb,2018,N1,WPLUS,UIUC2,N1WPLUS,80.20431154,1.748704372,1.900187596,214.3487699,73.96332838,7.230267287,21.33527818,55.9386036,133.0915188,7.97411457,21.88657241,72.4067902,19.60818743,3.781793588,-0.656454171
Macomb,2018,N1,WPLUS,UIUC3,N1WPLUS,88.77839555,1.732184419,1.885647762,231.492415,87.96482368,6.706948539,18.51480561,57.55569138,122.5783021,7.877442488,22.27832607,72.40639613,19.90271283,3.775070314,0.825038317
Macomb,2018,N1,WPLUS,UIUC4,N1WPLUS,86.74769145,1.711947475,1.884032225,238.8737066,85.97726184,7.013748581,17.83720724,56.15253976,133.0051581,8.225461984,22.35343053,72.4044258,20.34515109,3.781793588,0.703945301
Macomb,2018,N1,WPLUS,UIUC5,N1WPLUS,77.27107228,1.712773473,1.898248951,199.3480805,67.7834195,5.31344852,17.68092676,57.12895988,97.91915147,8.806811427,21.12287286,72.39910414,18.86732277,3.830936447,-0.651257045
Macomb,2018,N1,WPLUS,UIUC6,N1WPLUS,80.42994533,1.716490463,1.893079233,199.3480805,80.03448921,5.691569003,18.04881449,55.87122494,106.5781362,8.399471732,22.24173672,72.39890887,20.02852003,3.869196148,0.43681307
Macomb,2018,N1,WPLUS,UIUC7,N1WPLUS,80.88121291,1.712979972,1.895017877,212.9201328,81.30564134,4.555190912,20.72213197,52.12047967,86.90180775,7.838773655,20.8769264,72.40481987,18.37547186,3.822133231,0.397522804
Macomb,2018,N1,WPLUS,UIUC8,N1WPLUS,69.59952343,1.723717942,1.906003529,195.7764877,75.76967376,3.49544524,16.55273773,54.20921805,64.99475436,8.457474981,21.50857415,72.39930294,18.89723043,3.842303052,-0.777443243
Macomb,2018,N2,WMINUS,ORG1,N2WMINUS,110.8905069,1.728983678,1.899864488,223.8730171,68.33043318,5.897266545,17.68092676,53.89478432,116.0440162,9.018173058,22.10913471,72.381964,19.92384324,4.09778746,0.386608841
Macomb,2018,N2,WMINUS,ORG2,N2WMINUS,90.35783208,1.744780883,1.900833811,214.8249823,82.58952319,5.68955236,20.05993406,54.05200118,108.1259802,9.849552965,21.61614134,72.37585597,19.34031886,4.09778746,-0.329243173
Macomb,2018,N2,WMINUS,UIUC1,N2WMINUS,88.55276176,1.73177142,1.896956522,219.1108935,76.87097524,7.059860989,21.43338158,54.92792373,131.9329342,8.341468483,21.7990881,72.40481987,19.7424468,3.73473067,-0.682439796
Macomb,2018,N2,WMINUS,UIUC2,N2WMINUS,81.55811428,1.725576437,1.884032225,216.0155132,78.96337531,7.162709761,21.33527818,55.64662941,131.8651473,8.496143814,22.82358994,72.4008792,19.98788463,3.815409957,0.381723544
Macomb,2018,N2,WMINUS,UIUC3,N2WMINUS,99.38318367,1.705132995,1.871754143,243.8739364,83.54897937,6.548642097,19.20152936,56.8369857,119.964845,8.902166559,22.68383512,72.39713557,20.28533578,3.835579779,1.51178643
Macomb,2018,N2,WMINUS,UIUC4,N2WMINUS,93.96797272,1.701829004,1.874339002,241.9690869,84.26402517,6.96608711,17.60734921,55.21989792,135.909768,8.186793151,22.27887628,72.40541097,20.09321159,3.754900492,0.946547102
Macomb,2018,N2,WMINUS,UIUC5,N2WMINUS,86.07079008,1.730325924,1.895017877,209.1104339,79.19669265,6.272362064,18.73553824,53.13115953,124.2909007,8.863497727,21.6252199,72.3985148,19.39135692,3.795240135,0.342225393
Macomb,2018,N2,WMINUS,UIUC6,N2WMINUS,79.52741018,1.716490463,1.887909514,206.2531597,82.01504971,5.221691283,18.07334033,54.1867585,100.8268914,8.650819146,22.21615168,72.39752964,19.97358097,3.862472874,0.573601403
Macomb,2018,N2,WMINUS,UIUC7,N2WMINUS,80.20431154,1.711121478,1.900187596,218.6346812,86.21730773,5.945401523,20.43686267,53.98016845,112.5638303,7.896776904,21.18202106,72.40580503,18.81270879,3.788516861,0.746769612
Macomb,2018,N2,WMINUS,UIUC8,N2WMINUS,84.49135355,1.715457966,1.904064885,195.7764877,70.83318444,4.014730703,16.79799621,54.63594955,75.47875033,9.366192554,21.18229617,72.39240677,18.68755175,3.8557496,-0.494719637
Macomb,2018,N2,WPLUS,ORG1,N2WPLUS,104.1214933,1.727434932,1.907942174,221.015743,83.88577103,6.302611703,18.09786618,53.40067416,124.9884784,9.14237192,22.1333442,72.38607426,19.84614835,4.097627983,-0.020741826
Macomb,2018,N2,WPLUS,ORG2,N2WPLUS,96.4499444,1.728880428,1.891786803,215.777407,82.05869441,5.510071171,19.64299464,53.760027,105.6563423,9.791549716,22.31243945,72.3772352,19.60168577,4.104510734,0.702074336
Macomb,2018,N2,WPLUS,UIUC1,N2WPLUS,90.80909966,1.717109961,1.905357315,214.8249823,68.88544839,6.203796217,21.48243328,57.60061048,108.8480048,8.476809398,21.77542882,72.40284953,19.72619264,3.76834704,-1.106525206
Macomb,2018,N2,WPLUS,UIUC2,N2WPLUS,84.94262113,1.747155626,1.904387992,217.9203626,78.35998722,6.960037182,21.0900197,56.27549688,126.9916891,8.128789902,22.40597614,72.4044258,20.14132391,3.801963409,0.261462068
Macomb,2018,N2,WPLUS,UIUC3,N2WPLUS,93.29107135,1.686548047,1.861414705,241.9690869,88.64158944,7.694095079,19.07890012,57.62307003,140.9319705,8.418806148,22.94573785,72.40107624,20.55515485,3.788516861,1.751269956
Macomb,2018,N2,WPLUS,UIUC4,N2WPLUS,102.7676905,1.690471536,1.879508721,251.4933342,78.43163728,6.423610257,17.33756488,55.78138673,123.3535998,8.534812647,20.96468582,72.4020614,18.91511,3.761623766,1.110568371
Macomb,2018,N2,WPLUS,UIUC5,N2WPLUS,81.55811428,1.728260929,1.896956522,211.9677081,84.09362896,5.230766175,18.34312467,55.60171031,97.16086091,8.689487979,21.66318479,72.39831777,19.52236546,3.801963409,-0.114290078
Macomb,2018,N2,WPLUS,UIUC6,N2WPLUS,85.6195225,1.72103345,1.896310307,211.9677081,82.29073879,5.482846496,17.60734921,54.56857089,105.5995211,8.747491228,21.74434162,72.39752964,19.38160443,3.835579779,0.078419322
Macomb,2018,N2,WPLUS,UIUC7,N2WPLUS,83.13755081,1.708643485,1.890494373,213.158239,86.08764658,6.319753165,20.35424424,54.1867585,120.5848673,7.568091825,21.14185531,72.40935163,18.81660979,3.741453944,0.639293065
Macomb,2018,N2,WPLUS,UIUC8,N2WPLUS,74.11219922,1.725369938,1.897925844,197.6813372,77.35670448,3.872237755,16.82984076,54.44360766,70.88031498,9.404861387,21.12369819,72.3908305,18.30070272,3.875919422,0.290150199
Macomb,2018,N3,WMINUS,ORG1,N3WMINUS,110.8905069,1.740237896,1.913111893,222.2062739,76.02117639,6.599058161,17.19040979,52.79426624,134.5950929,9.366192554,21.81504435,72.3795996,18.73728948,4.111234008,-0.581407684
Macomb,2018,N3,WMINUS,ORG2,N3WMINUS,98.7062823,1.731358421,1.893725447,214.5868761,87.37152842,5.455621822,19.98635652,54.47873268,102.9139369,10.44891987,22.2062478,72.37290047,19.17810233,4.064171091,0.722654952
Macomb,2018,N3,WMINUS,UIUC1,N3WMINUS,93.06543756,1.727021933,1.905357315,218.1584688,75.41724274,7.750561071,21.850321,56.58993062,139.9965919,8.708822395,22.1575537,72.4014703,20.29606352,3.775070314,-0.556669368
Macomb,2018,N3,WMINUS,UIUC2,N3WMINUS,86.52205766,1.741889891,1.91601986,221.7300615,86.15238622,7.719303111,20.82023537,55.91614404,143.5962349,8.554147063,22.84092173,72.40048514,20.63284974,3.801963409,-0.137573198
Macomb,2018,N3,WMINUS,UIUC3,N3WMINUS,100.060085,1.729086927,1.876923861,243.6358302,85.97853481,7.689053472,18.6619607,53.96216297,152.9020165,9.018173058,21.73718882,72.39575634,19.37835359,3.808686683,1.741915131
Macomb,2018,N3,WMINUS,UIUC4,N3WMINUS,93.96797272,1.708230486,1.856244986,249.5884847,90.59769073,7.25648364,17.65640091,56.47763286,137.7211465,8.457474981,23.02606935,72.4020614,21.03400243,3.808686683,2.644551822
Macomb,2018,N3,WMINUS,UIUC5,N3WMINUS,82.91191702,1.717109961,1.897602737,210.7771772,68.76760768,5.619978191,17.7545043,55.39957434,106.9052454,9.166340527,21.6983986,72.39752476,19.60656201,3.816520688,0.111265153
Macomb,2018,N3,WMINUS,UIUC6,N3WMINUS,85.6195225,1.717109961,1.878862506,211.4914957,87.92927143,5.524187669,17.60734921,52.97394266,110.1372309,9.134179557,22.49648664,72.39358897,20.26583078,3.869196148,1.249019784
Macomb,2018,N3,WMINUS,UIUC7,N3WMINUS,84.26571976,1.69955751,1.889201943,225.3016542,82.72191214,6.591999912,18.83364164,54.25413716,127.8422255,7.954780154,21.43704609,72.40659317,19.25547214,3.754900492,-0.041322441
Macomb,2018,N3,WMINUS,UIUC8,N3WMINUS,78.17360744,1.721446449,1.878862506,208.3961154,77.27596177,3.977422815,17.53377167,54.25413716,74.2892188,9.44353022,21.9281137,72.39122457,19.51911463,3.902812517,0.332870568
Macomb,2018,N3,WPLUS,ORG1,N3WPLUS,97.12684577,1.729086927,1.916989182,213.158239,77.00518272,6.333869663,17.38661658,54.14183939,124.9158074,9.262214954,22.63706678,72.38607426,20.38643666,4.068796465,-0.178318659
Macomb,2018,N3,WPLUS,ORG2,N3WPLUS,129.6181115,1.737346904,1.902772455,223.1586986,88.30970781,5.555445629,20.01088237,53.60281013,105.9874526,10.33291338,22.38561815,72.37230937,19.46189998,4.09778746,0.482132001
Macomb,2018,N3,WPLUS,UIUC1,N3WPLUS,84.04008597,1.719794453,1.893079232,223.1586986,84.19128399,7.544863528,21.80126931,56.36533509,136.5741041,8.940835392,22.0568642,72.399697,20.03859761,3.781793588,0.180282974
Macomb,2018,N3,WPLUS,UIUC2,N3WPLUS,89.45529692,1.755931852,1.909234604,221.2538492,71.01512832,8.19623908,21.38432988,57.08404077,148.1522458,8.57348148,22.76169066,72.40225843,20.21609305,3.775070314,-1.320854646
Macomb,2018,N3,WPLUS,UIUC3,N3WPLUS,102.0907891,1.702861501,1.88209358,248.3979538,79.70315312,7.316982918,19.10342597,55.9835227,138.0285825,8.863497727,21.21503401,72.3991059,18.70120525,3.781793588,1.240912269
Macomb,2018,N3,WPLUS,UIUC4,N3WPLUS,101.188254,1.698112015,1.869815498,254.1125022,88.80725749,7.351265841,17.60734921,57.71290824,136.7864092,8.631484729,22.70501843,72.40225843,20.60976883,3.754900492,1.676015584
Macomb,2018,N3,WPLUS,UIUC5,N3WPLUS,87.65022661,1.731977919,1.90341867,208.8723277,63.96014303,5.542337452,18.63743485,55.0402215,104.6914464,9.250186055,20.25463231,72.39339194,18.1576661,3.822133231,-0.308870442
Macomb,2018,N3,WPLUS,UIUC6,N3WPLUS,90.58346587,1.718761956,1.881447365,217.4441503,81.56950998,5.168250255,17.90165939,54.56857089,98.50727012,8.998838642,22.46897585,72.3943771,20.28013445,3.88936597,0.749680003
Macomb,2018,N3,WPLUS,UIUC7,N3WPLUS,76.8198047,1.712979973,1.88209358,221.9681677,85.40587986,7.192959399,19.10342597,54.27659671,139.8190559,7.993448987,21.37239573,72.4050169,19.15989767,3.775070314,0.695422016
Macomb,2018,N3,WPLUS,UIUC8,N3WPLUS,83.13755081,1.71380597,1.871754143,211.9677081,79.58094794,4.068171731,17.72997845,53.82740566,76.44995887,9.327523721,22.10280722,72.3920127,19.57047778,3.88936597,1.28664697
Pana,2018,N1,WMINUS,ORG1,N1WMINUS,125.7823371,1.755725352,1.922158901,240.778556,62.01686238,7.847359914,16.01316906,56.00598225,153.8278223,8.786160061,21.61586623,72.38216104,19.19598191,4.09778746,-0.896769236
Pana,2018,N1,WMINUS,ORG2,N1WMINUS,124.6541681,1.733629915,1.887909514,233.1591582,90.6597935,6.784589278,16.92062545,56.07336091,130.2163334,9.540202302,21.91078191,72.3807818,19.50448588,3.990215078,2.045011468
Pana,2018,N1,WMINUS,UIUC1,N1WMINUS,109.5367042,1.745606881,1.894371662,234.3496891,87.69404464,8.870390556,18.45462541,59.16489465,161.0006449,8.20759626,22.77407051,72.40542165,20.82009768,3.744441895,0.692303741
Pana,2018,N1,WMINUS,UIUC2,N1WMINUS,103.2827578,1.767631706,1.914661881,232.5838605,76.22922999,7.582476509,16.89234441,59.27290698,138.1189195,7.858108072,22.86754455,72.4073813,20.56469528,3.73473067,-0.414024886
Pana,2018,N1,WMINUS,UIUC3,N1WMINUS,105.475296,1.734868911,1.891140588,255.0649269,81.50040585,8.980596259,15.85496997,59.51247406,167.0983062,8.830780034,23.76143278,72.40167063,21.37989098,3.744441895,0.774522261
Pana,2018,N1,WMINUS,UIUC4,N1WMINUS,100.9626202,1.704719996,1.872400357,251.0171218,85.46789172,8.621750663,15.08118682,58.99310274,162.5269128,7.916111321,22.64642044,72.4050169,20.7963666,3.748177218,2.404028871
Pana,2018,N1,WMINUS,UIUC5,N1WMINUS,93.29107135,1.753453859,1.866584424,218.6346812,81.43475694,6.88539135,15.95245705,58.9042101,126.5495026,8.615062574,22.51684462,72.40206547,20.12539483,3.780481291,1.787026177
Pana,2018,N1,WMINUS,UIUC6,N1WMINUS,97.80374714,1.779059787,1.9047111,234.111583,72.58179151,8.051040814,15.3264453,60.16099947,147.9290559,8.592815896,21.9487468,72.40048514,19.56722694,3.801963409,-0.21989566
Pana,2018,N1,WMINUS,UIUC7,N1WMINUS,104.347127,1.741476892,1.895664092,232.2067335,85.38805827,8.94844676,15.59622964,58.94818363,168.7883654,7.780770406,22.37103743,72.4085635,20.07110594,3.714560849,1.179170422
Pana,2018,N1,WMINUS,UIUC8,N1WMINUS,87.19895903,1.778337039,1.880801151,220.0633182,72.4656784,5.915416329,15.13023851,59.01556229,108.2666273,8.728156811,22.04998651,72.39871184,19.88418308,3.808686683,0.658106658
Pana,2018,N1,WPLUS,ORG1,N1WPLUS,134.5820549,1.762436584,1.927974834,246.7312106,65.0349849,7.946175401,15.47360039,56.47763286,155.6309942,8.863497727,21.92288665,72.3825551,19.3529971,4.077617638,-0.662690721
Pana,2018,N1,WPLUS,ORG2,N1WPLUS,108.1829015,1.728880428,1.890817481,226.9683975,82.20290381,6.640399334,16.96967715,56.05090136,127.1977686,9.694877634,21.9281137,72.3807818,19.64134592,3.970045256,2.066319681
Pana,2018,N1,WPLUS,UIUC1,N1WPLUS,109.9879718,1.756344851,1.893079232,233.1591582,79.81335601,7.503522356,17.97523694,60.29575678,132.7654386,7.954780154,22.9476636,72.40639613,21.30122084,3.714560849,0.469035246
Pana,2018,N1,WPLUS,UIUC2,N1WPLUS,109.9879718,1.736727406,1.875631432,237.6831757,81.04868311,7.288749921,16.60178942,58.74604766,133.7758418,7.993448987,23.49237725,72.4061991,21.23132795,3.721284123,1.642753983
Pana,2018,N1,WPLUS,UIUC3,N1WPLUS,113.1468448,1.736107907,1.874985217,255.7792455,87.2467773,8.693341474,16.45463433,59.84656573,158.9444133,8.708822395,23.56885725,72.40009107,21.23457878,3.741453944,2.097814259
Pana,2018,N1,WPLUS,UIUC4,N1WPLUS,106.1521974,1.709262983,1.866584424,255.0649269,85.0601774,8.238588574,15.49812624,58.31931616,155.9229633,8.399471732,22.37296319,72.40166733,20.56612641,3.761623766,2.158724565
Pana,2018,N1,WPLUS,UIUC5,N1WPLUS,86.29642387,1.749943368,1.887909514,213.158239,69.4741064,5.569405593,14.49015087,56.70287383,103.4464909,8.758874214,23.389762,72.40068352,21.22580153,3.787689171,0.883350061
Pana,2018,N1,WPLUS,UIUC6,N1WPLUS,103.6702257,1.762539833,1.914404323,236.0164324,80.86428422,7.435964829,16.01316906,58.99310274,137.5011087,8.399471732,22.11381154,72.40107624,19.82306744,3.795240135,0.039544826
Pana,2018,N1,WPLUS,UIUC7,N1WPLUS,105.0240284,1.720000953,1.893079233,233.3972644,85.48062142,9.346733668,15.59622964,57.12895988,182.2293869,7.645429491,22.11177574,72.40836647,19.87020451,3.728007396,1.066288865
Pana,2018,N1,WPLUS,UIUC8,N1WPLUS,83.3631846,1.758616344,1.884678439,215.777407,77.11338523,6.468984715,15.81696227,58.6337499,119.5218599,8.592815896,21.83980407,72.40009107,19.49148255,3.775070314,0.099831477
Pana,2018,N2,WMINUS,ORG1,N2WMINUS,125.3310695,1.76708282,1.919574041,253.3981836,69.85617946,9.357825202,15.4245487,56.43271375,185.219277,9.598205551,22.47200203,72.37565894,20.14132391,4.124680556,-0.476633642
Pana,2018,N2,WMINUS,ORG2,N2WMINUS,119.9158585,1.750562867,1.865938209,241.9690869,83.19582092,6.33991959,17.72997845,56.07336091,120.4108968,10.13956921,23.18975856,72.37703817,20.90234373,3.97676853,2.446853182
Pana,2018,N2,WMINUS,UIUC1,N2WMINUS,110.8905069,1.758513094,1.878862506,237.9212819,81.00958474,7.766694212,16.52821188,59.91394439,139.9864703,8.998838642,24.66117319,72.39772667,22.90241824,3.748177218,1.978488266
Pana,2018,N2,WMINUS,UIUC2,N2WMINUS,103.2189581,1.742922388,1.874985217,229.1113531,75.84368792,8.037932638,16.25842754,59.30753647,147.5195513,8.786160061,23.19746158,72.39930294,21.1858163,3.761623766,1.591822157
Pana,2018,N2,WMINUS,UIUC3,N2WMINUS,118.5620558,1.743128888,1.875954539,270.3037225,82.0235968,9.663346552,15.89053982,60.11608036,177.9185951,8.631484729,23.83048487,72.40166733,21.68579429,3.694391027,2.074323254
Pana,2018,N2,WMINUS,UIUC4,N2WMINUS,123.0747316,1.720000953,1.858829845,265.0653865,95.60010175,9.068436993,15.66980718,59.77918708,167.9498841,8.438140565,23.24918187,72.40284953,21.40557255,3.707837575,2.455688295
Pana,2018,N2,WMINUS,UIUC5,N2WMINUS,101.8651554,1.753247359,1.895017877,236.0164324,74.88368618,8.381770197,15.03213512,60.07116126,155.0105807,8.496143814,22.73693095,72.40363767,20.61724575,3.721284123,0.657171175
Pana,2018,N2,WMINUS,UIUC6,N2WMINUS,103.4445919,1.774723299,1.889848158,240.5404499,74.339764,8.596542631,15.22834191,59.89148484,159.4544069,9.056841891,23.07613899,72.39398304,20.5658826,3.8557496,0.354490608
Pana,2018,N2,WMINUS,UIUC7,N2WMINUS,105.9265636,1.750356368,1.887909514,243.8739364,82.29855846,9.846861027,15.47360039,57.42093406,191.7517384,8.206127568,23.06128317,72.40403173,20.87796249,3.728007396,1.784947327
Pana,2018,N2,WMINUS,UIUC8,N2WMINUS,90.80909966,1.772245306,1.857537416,219.3489997,90.89893015,4.994818994,17.72997845,57.71290824,89.10783659,9.327523721,23.73901149,72.39161864,21.60228041,3.849026326,1.283528695
Pana,2018,N2,WPLUS,ORG1,N2WPLUS,134.3564211,1.773277803,1.917635397,253.1600775,68.74960424,8.693341474,15.05666097,56.16319912,172.9752935,9.559536719,22.40350016,72.37506784,20.06687985,4.138127103,0.369458329
Pana,2018,N2,WPLUS,ORG2,N2WPLUS,113.3724786,1.74601988,1.878862506,231.9686273,81.02158703,5.615944906,15.54717794,55.91614404,107.8234399,9.849552965,22.81010965,72.38038774,20.48396163,3.956598708,2.710243483
Pana,2018,N2,WPLUS,UIUC1,N2WPLUS,105.0240284,1.72826093,1.876277647,235.3021139,87.59102493,8.997451249,17.0898063,59.86005347,163.6628683,8.231564867,22.96306964,72.40443454,21.12144982,3.766065533,2.13149163
Pana,2018,N2,WPLUS,UIUC2,N2WPLUS,84.26571976,1.743128888,1.876600754,213.6344513,96.96481723,8.852239028,16.37490106,60.58417725,160.3561962,8.471250933,24.23296773,72.40364485,22.29695074,3.758857653,2.345717127
Pana,2018,N2,WPLUS,UIUC3,N2WPLUS,109.110331,1.737021942,1.88580354,258.2104063,82.09461793,9.303434145,17.41476323,60.17866793,168.2994009,8.438140565,23.27425124,72.4044258,21.064669,3.694391027,1.340928762
Pana,2018,N2,WPLUS,UIUC4,N2WPLUS,114.2750138,1.717316461,1.854306342,256.9697764,96.07464705,8.190189152,15.66980718,60.11608036,149.9964165,8.438140565,23.12978503,72.40186437,21.33632983,3.748177218,3.467152786
Pana,2018,N2,WPLUS,UIUC5,N2WPLUS,99.60881746,1.744884133,1.867876853,235.3021139,66.91725389,7.935083866,15.81696227,60.72248828,143.3870182,8.631484729,22.76966879,72.40225843,20.36303067,3.741453944,1.064625785
Pana,2018,N2,WPLUS,UIUC6,N2WPLUS,102.9933243,1.767908818,1.880154936,232.921052,77.95281846,7.347232556,15.47360039,59.28507692,135.7466829,8.882832143,22.69236346,72.3979237,20.04184845,3.801963409,0.448246746
Pana,2018,N2,WPLUS,UIUC7,N2WPLUS,100.060085,1.736004658,1.896633414,241.9690869,73.20609269,8.916844656,15.01493528,58.41661987,171.7095758,8.241515571,22.53252577,72.40563019,20.1861854,3.763429581,1.054335477
Pana,2018,N2,WPLUS,UIUC8,N2WPLUS,91.3362327,1.773587552,1.879185614,232.8963793,79.63626155,6.68313147,15.36753458,58.20905128,124.8187212,9.022528887,22.04105276,72.39870929,19.68741219,3.816520688,1.048410754
Pana,2018,N3,WMINUS,ORG1,N3WMINUS,135.2589562,1.753660358,1.9047111,254.5887146,70.13168668,8.786107033,15.10571267,56.76960704,172.8395496,10.06223155,22.83541958,72.3730975,20.58473742,4.070894364,0.968167143
Pana,2018,N3,WMINUS,ORG2,N3WMINUS,122.8490978,1.741139848,1.896224607,241.7309808,79.87477271,7.743502822,16.45463433,55.5567912,152.1827022,10.23624129,22.98782935,72.37447674,20.60196683,4.0103849,1.240384543
Pana,2018,N3,WMINUS,UIUC1,N3WMINUS,118.1107882,1.740237896,1.90341867,256.7316702,85.0389006,9.41832448,17.65640091,59.80164663,170.6320907,8.670153562,23.62085265,72.40166733,21.83468241,3.748177218,2.196975406
Pana,2018,N3,WMINUS,UIUC2,N3WMINUS,112.9212111,1.736107907,1.886940192,243.1596178,75.95761879,9.475798793,16.20937585,59.89148484,174.4734291,8.631484729,23.59251653,72.39890887,21.47514036,3.808686683,0.720680044
Pana,2018,N3,WMINUS,UIUC3,N3WMINUS,114.5006476,1.737346904,1.884355332,267.9226607,87.99310182,9.846683437,16.14743121,60.26556279,181.1313557,8.921500976,23.6505643,72.39693854,21.4241023,3.775070314,1.631112423
Pana,2018,N3,WMINUS,UIUC4,N3WMINUS,113.5981124,1.710914978,1.834273681,256.493564,92.50687394,8.434202904,15.44907454,60.04870171,155.2639448,8.631484729,23.23542647,72.4008792,21.28431651,3.741453944,2.828114281
Pana,2018,N3,WMINUS,UIUC5,N3WMINUS,99.38318367,1.769767313,1.866584424,229.3494593,81.51622705,7.650737264,15.47360039,59.62197021,141.4082677,9.095510724,22.97572461,72.39516524,20.83732709,3.808686683,0.946962872
Pana,2018,N3,WMINUS,UIUC6,N3WMINUS,108.634169,1.720620451,1.880154936,245.0644673,82.59770657,8.860722808,15.64528133,58.47653303,167.9919912,9.211517223,23.30667942,72.39161864,20.7866141,3.902812517,1.729026261
Pana,2018,N3,WMINUS,UIUC7,N3WMINUS,101.4138878,1.733423415,1.874339002,241.7309808,76.98354222,9.631080271,15.25286776,58.36423527,184.599436,8.380137315,22.26181959,72.40107624,19.99601171,3.775070314,1.768108641
Pana,2018,N3,WMINUS,UIUC8,N3WMINUS,93.51670514,1.764914577,1.871431035,227.6827161,72.52214374,6.779547672,14.93403173,58.58883079,127.0005163,9.346858138,23.27064028,72.3914216,21.06781109,3.869196148,1.70823776
Pana,2018,N3,WPLUS,ORG1,N3WPLUS,126.910506,1.758203345,1.911819463,248.8741662,67.22376704,8.803248495,14.88498003,56.8819048,173.2642032,9.693649874,22.71959915,72.38331035,20.55645518,4.011133431,-0.300347157
Pana,2018,N3,WPLUS,ORG2,N3WPLUS,122.1721964,1.760887838,1.895987199,243.397724,84.40796178,7.140526692,17.11683224,55.82630583,138.1426633,9.926890631,23.18233064,72.37644707,20.66698348,4.023831447,0.488576436
Pana,2018,N3,WPLUS,UIUC1,N3WPLUS,116.5313517,1.734146163,1.880154936,248.8741662,94.30012591,9.532264785,18.83364164,59.91394439,170.0420398,8.515478231,23.37655683,72.40245547,21.63345589,3.721284123,1.357119987
Pana,2018,N3,WPLUS,UIUC2,N3WPLUS,111.7930421,1.750562867,1.884032225,247.6836353,81.79919026,8.832489812,15.98864321,59.06048139,165.0037828,8.534812647,23.63295739,72.4002881,21.6932712,3.781793588,1.543592836
Pana,2018,N3,WPLUS,UIUC3,N3WPLUS,118.7258269,1.751571875,1.901034331,263.210708,82.53356248,9.469390969,16.14743121,60.5552123,172.854632,8.824828894,23.47266031,72.39890887,21.36317815,3.741453944,0.867567685
Pana,2018,N3,WPLUS,UIUC4,N3WPLUS,120.8183937,1.73177142,1.873046572,265.7797051,81.71008231,9.149102696,15.35097115,58.04980153,175.5878867,8.515478231,23.36060057,72.4014703,21.4338548,3.73473067,1.643585523
Pana,2018,N3,WPLUS,UIUC5,N3WPLUS,97.12684577,1.753247359,1.873046572,231.7305211,93.60617506,7.743502822,15.375497,58.92572408,144.9275398,8.902166559,22.9267554,72.39772667,20.92965072,3.775070314,2.073283829
Pana,2018,N3,WPLUS,UIUC6,N3WPLUS,102.0907891,1.757170848,1.894371662,245.7787858,78.64040447,8.312196028,15.2773936,59.62197021,154.3690397,8.824828894,23.00873756,72.39752964,20.4998907,3.815409957,1.229270709
Pana,2018,N3,WPLUS,UIUC7,N3WPLUS,114.04938,1.742096391,1.871754142,247.9217415,86.17311747,9.522549015,15.53001304,57.94836672,184.0219788,8.159659047,22.54573095,72.40719845,20.32142002,3.701194618,2.873017442
Pana,2018,N3,WPLUS,UIUC8,N3WPLUS,97.57811335,1.746845877,1.886940192,223.634911,73.66754456,6.599058161,15.47360039,58.2070184,123.3847907,9.134179557,23.25550935,72.39713557,21.13055215,3.76834704,0.96099511
UIUC2019,2019,N1,WMINUS,CHECK,N1WMINUS,119.6902247,1.946530816,1.905357315,268.6369793,94.50634716,6.979195286,23.95954397,58.70112855,123.1276096,8.148124318,23.16499885,72.40166733,20.90136848,3.869196148,55.19011632
UIUC2019,2019,N1,WMINUS,ORG1,N1WMINUS,120.8183937,1.949008809,1.920866471,244.3501488,93.01369813,6.09691416,24.40100925,53.49051237,105.913425,8.534812647,22.36443484,72.4067902,20.11954334,3.714560849,53.05983302
UIUC2019,2019,N1,WMINUS,ORG4,N1WMINUS,114.7262814,1.946530816,1.920866471,224.1111233,73.34084573,8.001633071,30.77772986,49.80714576,129.9080503,9.269520472,22.75921469,72.3943771,20.59904109,3.869196148,51.50734395
UIUC2019,2019,N1,WMINUS,UIUC1,N1WMINUS,115.4031827,1.93414085,1.887909514,238.8737066,90.75508446,8.092381987,34.82449486,56.09582046,124.7119286,8.03211782,23.0522046,72.4144745,21.28821751,3.61371174,54.16738479
UIUC2019,2019,N1,WMINUS,UIUC2,N1WMINUS,116.3057179,1.951486802,1.911173248,220.3014244,88.0229257,9.139019483,31.43992777,58.72358811,148.1586508,8.03211782,23.170501,72.4091546,21.22320087,3.73473067,60.52483713
UIUC2019,2019,N1,WMINUS,UIUC3,N1WMINUS,130.2950129,1.941574829,1.893725447,269.8275102,91.80692194,7.96130022,25.65182752,58.81342632,138.8334555,8.070786652,22.70694418,72.41230713,21.00376969,3.680944479,52.22088318
UIUC2019,2019,N1,WMINUS,UIUC4,N1WMINUS,123.9772667,1.921750885,1.876277647,246.7312106,88.090575,7.860468091,27.93273143,56.14073957,132.9386694,8.824828894,22.74683483,72.39890887,20.99239178,3.815409957,54.78769871
UIUC2019,2019,N1,WMINUS,UIUC6,N1WMINUS,115.6288165,1.939096836,1.90341867,234.3496891,87.28533013,6.702915254,23.73881134,58.6337499,118.2609193,8.708822395,22.85137583,73.65302594,20.92249889,3.875919422,56.778304
UIUC2019,2019,N1,WMINUS,UIUC7,N1WMINUS,115.6288165,1.944052823,1.897602737,248.8741662,94.97989225,6.700898611,27.81010219,56.61239017,111.9913035,8.57348148,22.6134075,72.4020614,20.69656605,3.822133231,52.65203227
UIUC2019,2019,N1,WMINUS,UIUC8,N1WMINUS,113.5981124,1.941574829,1.905357315,236.2545386,90.09386712,7.236317215,24.49911264,59.12786005,127.0857087,8.090121069,22.41945642,72.40284953,20.68356272,3.862472874,58.25116961
UIUC2019,2019,N1,WPLUS,CHECK,N1WPLUS,120.5927599,1.956442788,1.915050537,264.1129618,89.09222106,6.150355188,24.69531943,58.76850721,106.6102405,8.438140565,22.16223053,72.4002881,19.83672093,3.835579779,56.48578745
UIUC2019,2019,N1,WPLUS,ORG1,N1WPLUS,118.5620558,1.953964795,1.922805116,234.111583,90.18333878,4.87482876,23.91049228,52.09802012,83.69715469,8.418806148,21.73031112,72.40816943,19.56527644,3.687667753,53.47135955
UIUC2019,2019,N1,WPLUS,ORG4,N1WPLUS,115.1775489,1.946530816,1.920866471,218.396575,77.59184035,6.825930451,32.34738416,48.32481529,107.4818283,8.57348148,21.68766939,72.4014703,19.62054059,3.842303052,53.50138932
UIUC2019,2019,N1,WPLUS,UIUC1,N1WPLUS,111.3417745,1.941574829,1.907295959,232.6829459,83.39440435,7.064902596,34.16229695,56.34287554,108.8469012,8.186793151,21.90225356,72.4132923,20.08215877,3.627158288,57.51857143
UIUC2019,2019,N1,WPLUS,UIUC2,N1WPLUS,112.9212111,1.946530816,1.909234604,237.6831757,88.46373726,8.344462309,33.20578886,57.42093406,131.7554647,7.993448987,22.7839744,72.4091546,20.93225139,3.728007396,55.35653387
UIUC2019,2019,N1,WPLUS,UIUC3,N1WPLUS,127.1361398,1.951486802,1.905357315,262.9224309,94.32085715,7.038686242,26.53475807,58.04980153,120.2567466,8.264130817,22.2447629,72.4097457,20.44787739,3.680944479,48.36609255
UIUC2019,2019,N1,WPLUS,UIUC4,N1WPLUS,118.5620558,1.939096836,1.891786803,262.6843247,88.74088116,7.273625102,29.60048913,54.88300463,120.2141966,9.11484514,21.57349961,72.3979237,19.74894846,3.808686683,53.79783018
UIUC2019,2019,N1,WPLUS,UIUC6,N1WPLUS,111.7930421,1.941574829,1.90341867,232.4448397,79.92246779,5.772234706,24.03312152,57.91504422,100.3443225,8.360802899,22.70281756,72.39890887,20.92412431,3.922982339,58.56158958
UIUC2019,2019,N1,WPLUS,UIUC7,N1WPLUS,128.7155763,1.929184864,1.884032225,255.0649269,93.92805477,6.183629791,28.44777425,57.3086363,101.9256183,8.438140565,22.31904204,72.40344063,20.38773699,3.788516861,51.22430757
UIUC2019,2019,N1,WPLUS,UIUC8,N1WPLUS,104.5727608,1.931662857,1.897602737,223.634911,86.36442677,6.415543687,26.0442411,58.13963974,109.5054142,8.438140565,21.41531257,72.39772667,19.64004559,3.909535791,54.92691461
UIUC2019,2019,N2,WMINUS,CHECK,N2WMINUS,120.8183937,1.941574829,1.885970869,262.4462185,98.68314577,7.795935529,24.64626773,59.21769826,137.1459471,8.57348148,23.72897005,72.39949997,21.27196335,3.842303052,50.15887201
UIUC2019,2019,N2,WMINUS,ORG1,N2WMINUS,121.7209288,1.956442788,1.918927826,230.7780964,91.946585,6.584941663,24.03312152,53.3332955,115.2702767,8.49521954,21.84585644,72.40640876,19.91474091,3.758857653,51.34068629
UIUC2019,2019,N2,WMINUS,ORG4,N2WMINUS,119.0133234,1.944052823,1.911173248,227.6827161,99.89646867,8.303121136,29.72311837,50.50339189,136.8973932,8.457474981,22.18699024,72.40895757,20.17968373,5.731543013,56.49947143
UIUC2019,2019,N2,WMINUS,UIUC1,N2WMINUS,115.8544503,1.93414085,1.88209358,237.9212819,91.17189143,8.67418337,32.86242698,58.52145213,136.3104131,7.97411457,23.19938733,72.41486857,21.45726079,3.660774658,53.30500804
UIUC2019,2019,N2,WMINUS,UIUC2,N2WMINUS,125.5567033,1.936618843,1.895664092,236.7307509,89.66178451,8.842573025,32.86242698,56.20811823,139.7427212,8.399471732,23.6436866,72.39989404,21.8522369,3.8557496,54.73857928
UIUC2019,2019,N2,WMINUS,UIUC3,N2WMINUS,121.4952951,1.919272892,1.86076849,267.4464484,95.21120921,8.628808912,25.11225885,59.30753647,151.400196,8.457474981,23.76335854,72.40166733,22.11392889,3.842303052,53.36809736
UIUC2019,2019,N2,WMINUS,UIUC4,N2WMINUS,130.5206466,1.906882927,1.853013912,274.82774,84.80631068,8.718549506,25.72540507,57.08404077,152.281753,8.109455485,23.34106791,72.40718427,21.83598274,3.775070314,56.90089938
UIUC2019,2019,N2,WMINUS,UIUC6,N2WMINUS,100.7369864,1.944052823,1.901480026,230.301884,94.27284797,7.039679335,24.20636305,58.49870078,123.6068072,9.17284839,23.56252977,72.39536227,21.801849,3.842303052,53.16465635
UIUC2019,2019,N2,WMINUS,UIUC7,N2WMINUS,124.8798019,1.93414085,1.893725447,253.874396,99.64114713,6.81786388,29.69859252,57.55569138,111.5212547,8.728156811,23.22277151,72.40698723,21.28171585,3.701114301,47.81750166
UIUC2019,2019,N2,WMINUS,UIUC8,N2WMINUS,105.9265636,1.93414085,1.897602737,232.4448397,88.67977856,7.947183722,26.06876695,58.13963974,137.4423979,8.57348148,22.22963197,72.4032436,20.28208495,3.754900492,57.15234584
UIUC2019,2019,N2,WPLUS,CHECK,N2WPLUS,121.2696613,1.944052823,1.895664092,265.0653865,94.17246514,6.806772346,24.96510376,59.59951066,118.5450774,8.670153562,22.67943339,72.3979237,20.4186199,3.862472874,51.67830307
UIUC2019,2019,N2,WPLUS,ORG1,N2WPLUS,132.325717,1.951486802,1.920866471,240.5404499,84.38950371,5.57157877,25.1858364,53.08624043,95.08931043,8.940835392,21.67528954,72.40245547,19.60753726,3.741453944,55.66774589
UIUC2019,2019,N2,WPLUS,ORG4,N2WPLUS,116.3057179,1.956442788,1.92474376,222.6824862,93.74911147,7.198001006,30.16458364,49.3130356,117.1824281,8.051452236,22.24613844,72.41171603,20.10328917,3.701114301,49.25495013
UIUC2019,2019,N2,WPLUS,UIUC1,N2WPLUS,115.1775489,1.944052823,1.905357315,239.3499189,89.36063602,7.997599786,34.06419356,57.53323182,123.7981156,8.534812647,22.02605212,72.4091546,20.27070703,3.674221205,53.48281139
UIUC2019,2019,N2,WPLUS,UIUC2,N2WPLUS,120.8183937,1.944052823,1.90341867,243.397724,86.83360739,8.406978229,33.72083168,56.20811823,130.4967293,8.380137315,22.74958591,72.39989404,20.93225139,3.902812517,56.00749051
UIUC2019,2019,N2,WPLUS,UIUC3,N2WPLUS,133.4538859,1.944052823,1.895664092,275.0658462,92.77365223,8.535035032,26.95169749,57.57815093,146.0938641,8.457474981,22.82111396,72.4038347,20.92574972,3.775070314,52.93210349
UIUC2019,2019,N2,WPLUS,UIUC4,N2WPLUS,129.6181115,1.93414085,1.872400357,275.7801647,92.52924186,8.525960141,25.9951894,56.54501151,148.3763229,8.109455485,22.33417297,72.40718427,20.68356272,3.795240135,53.22017365
UIUC2019,2019,N2,WPLUS,UIUC6,N2WPLUS,116.3057179,1.916794899,1.858829846,235.54022,86.13965652,7.120360267,25.28393979,59.41983424,123.6270411,8.496143814,22.76059023,72.40245547,20.88511432,3.795240135,51.8559666
UIUC2019,2019,N2,WPLUS,UIUC7,N2WPLUS,121.4952951,1.941574829,1.891786803,252.2076527,97.9761015,6.463943109,30.87583325,56.94928346,103.328294,9.037507475,21.5102248,72.39831777,19.73757055,3.815409957,54.44474342
UIUC2019,2019,N2,WPLUS,UIUC8,N2WPLUS,109.0854366,1.931662857,1.884032225,245.0644673,87.45554449,7.189934435,26.87811995,58.76850721,122.1675487,8.418806148,21.87199169,72.40403173,20.26420537,3.76834704,54.95601495
UIUC2019,2019,N3,WMINUS,CHECK,N3WMINUS,125.7823371,1.931662857,1.878216291,278.6374389,101.159983,10.03844207,25.9951894,61.7556277,175.8965015,8.264130817,23.9985758,72.405608,21.73195611,3.795240135,52.44546583
UIUC2019,2019,N3,WMINUS,ORG1,N3WMINUS,129.3924777,1.941574829,1.905357315,246.4931044,90.34918867,8.356562164,25.50467243,54.72578776,146.0824958,8.341468483,23.60517149,72.41073087,21.46538787,3.667497932,54.40195357
UIUC2019,2019,N3,WMINUS,ORG4,N3WMINUS,121.0440275,1.936618843,1.90341867,234.5877953,87.73705286,8.973654792,30.50794552,50.50339189,146.8178137,8.148124318,22.80735857,72.411519,20.86073308,3.687667753,51.97192329
UIUC2019,2019,N3,WMINUS,UIUC1,N3WMINUS,115.1775489,1.929184864,1.884032225,241.4928746,87.33988601,10.33488853,36.95824368,56.63484972,155.0190945,8.03211782,23.67807509,72.4073813,21.9936481,3.788516861,57.20255851
UIUC2019,2019,N3,WMINUS,UIUC2,N3WMINUS,128.038675,1.939096836,1.901480026,248.1598477,95.45780181,9.443532512,36.09983898,57.55569138,142.9195544,8.476809398,24.21728658,72.40816943,22.10742723,3.694391027,53.08036643
UIUC2019,2019,N3,WMINUS,UIUC3,N3WMINUS,131.6488156,1.931662857,1.866584424,282.2090316,101.4131223,11.17381184,27.58936955,58.45407348,192.2779504,8.689487979,23.75372976,72.40107624,22.2764705,3.815409957,51.70779817
UIUC2019,2019,N3,WMINUS,UIUC4,N3WMINUS,131.8744494,1.911838913,1.853013912,287.4473676,99.00611662,11.13347899,28.3741967,58.31931616,189.874163,8.728156811,23.20488949,72.40481987,21.49627077,3.775070314,44.94975289
UIUC2019,2019,N3,WMINUS,UIUC6,N3WMINUS,120.8183937,1.924228878,1.880154936,247.9217415,84.56190031,8.718549506,23.66523379,60.09362081,156.3589821,8.399471732,23.84176429,72.4038347,22.07329349,3.801963409,52.78787442
UIUC2019,2019,N3,WMINUS,UIUC7,N3WMINUS,124.8798019,1.919272892,1.856891201,254.8268207,100.260902,9.217668544,34.03966771,56.79206659,143.9202914,9.269520472,23.46073984,72.3920127,21.65881238,3.902812517,48.75781093
UIUC2019,2019,N3,WMINUS,UIUC8,N3WMINUS,113.3724786,1.921750885,1.88209358,247.4455291,85.76649427,9.001887788,26.11781864,59.59951066,156.6704241,8.650819146,22.89951972,72.40659317,21.26546169,3.721284123,59.35320529
UIUC2019,2019,N3,WPLUS,CHECK,N3WPLUS,119.6902247,1.939096836,1.884032225,271.7323596,94.54126293,8.827448205,26.26497373,60.20591857,153.1300795,8.186793151,22.95316576,72.40698723,20.68193731,3.741453944,48.9503753
UIUC2019,2019,N3,WPLUS,ORG1,N3WPLUS,129.3924777,1.941574829,1.901480026,245.3025735,92.43104127,7.538813601,26.14234449,54.2316776,129.8927842,8.399471732,22.63954275,72.40836647,20.44787739,3.707837575,46.19924863
UIUC2019,2019,N3,WPLUS,ORG4,N3WPLUS,124.2029005,1.939096836,1.907295959,229.3494593,90.63724375,7.746527786,31.26824683,49.87452442,124.5655646,7.780770406,21.87336723,72.41427747,19.64817267,3.680944479,53.38070149
UIUC2019,2019,N3,WPLUS,UIUC1,N3WPLUS,119.9158585,1.929184864,1.878216291,248.3979538,90.89256529,10.14633245,35.87910635,54.61349,154.4805859,8.148124318,23.33006359,72.40698723,21.75796277,3.795240135,47.84049602
UIUC2019,2019,N3,WPLUS,UIUC2,N3WPLUS,123.9772667,1.946530816,1.901480026,248.3979538,93.98915737,9.712754295,34.43208128,57.80274645,150.5847252,8.109455485,23.78261609,72.41191307,21.85873856,3.667497932,47.8641411
UIUC2019,2019,N3,WPLUS,UIUC3,N3WPLUS,133.0026183,1.941574829,1.885970869,283.8757749,96.58165306,9.564531066,26.8535941,57.46585317,165.3333336,8.824828894,23.52401466,72.39989404,21.84410982,3.801963409,45.67094026
UIUC2019,2019,N3,WPLUS,UIUC4,N3WPLUS,140.6741672,1.916794899,1.854952557,285.0663058,94.67874376,9.97491783,28.69303273,56.67976883,168.5638353,8.805494477,22.61753411,72.4044258,20.98751553,3.76834704,49.94129118
UIUC2019,2019,N3,WPLUS,UIUC6,N3WPLUS,116.7569855,1.921750885,1.876277647,240.5404499,87.49700696,7.707203256,23.88596643,59.66688931,137.0601475,8.186793151,23.20901611,72.4061991,21.2670871,3.795240135,43.48299009
UIUC2019,2019,N3,WPLUS,UIUC7,N3WPLUS,120.8183937,1.924228878,1.868523068,255.7792455,100.3067289,8.512851964,30.40984213,57.80274645,139.3064276,8.728156811,22.2447629,72.40009107,20.20569039,3.828856505,49.0804538
UIUC2019,2019,N3,WPLUS,UIUC8,N3WPLUS,112.2443097,1.926706871,1.880154936,239.5880251,89.95420406,8.6661168,26.16687034,59.17277916,150.7040301,8.554147063,22.47035138,72.40639613,20.69656605,3.714560849,47.2075679
