,REP,Nitro,Weed,HYB,Code,FDT,FDS,RTA,RLA,SDI,PHT,EHT,SDL,SDS,GWT,MST,TWT,YIELD,PROT,OIL,STR
1,1,N2,WPLUS,17.461,ORG1,1.923333333,1.793333333,61.58166667,0.286666667,94.08333333,277,164,23.372,21.04,9.4800728,14.9,58,181.4517445,10.4,5.2,67.8
3,1,N2,WPLUS,PHP38*Q381,UIUC6,1.853333333,1.735,86.1675,0.885833333,134.25,230,100,25.142,21.558,4.68106944,16.4,58.2,87.71548832,10.2,3.7,70.3
6,1,N2,WPLUS,PHW52*LH185,UIUC7,1.866666667,1.709166667,69.84583333,1.338333333,90.91666667,255,110,25.106,22.174,8.49124224,15,59.3,158.7754573,8,3.5,72.1
7,1,N2,WPLUS,PHHB9*Q381,UIUC5,1.83,1.745,71.55166667,2.631666667,107.25,232,98,25.164,22.03,5.75608248,15.7,61.8,102.4268972,8.7,3.5,71.9
8,1,N1,WPLUS,PHHB9*PHZ51,UIUC4,1.84,1.685833333,84.25166667,4.0675,110,255,105,23.048,21.7475,9.90191336,15.6,60,181.7013807,8.8,3.8,71.1
9,1,N2,WPLUS,461.2B24,ORG2,1.883333333,1.759166667,92.50166667,2.281666667,103.25,227,102,20.202,18.976,2.48114824,14.6,54.9,50.34845496,10.3,3.9,69.5
11,1,N2,WMINUS,17.461,ORG1,1.923333333,1.765833333,78.385,0.170833333,97.5,252,142,22.84,21.262,10.8181692,15.4,57,209.4581127,10.8,4.9,67.7
12,1,N2,WMINUS,PHHB9*PHW30,UIUC3,1.843333333,1.716666667,82.82666667,3.96,169.3333333,292,130,26.786,24.084,10.76827408,15.9,62.2,189.9326471,9.3,3.4,71.3
13,1,N2,WMINUS,PHP38*Q381,UIUC6,1.86,1.794166667,78.8725,0.140833333,119,244,120,26.164,22.978,8.87225952,14.9,58.7,167.7929095,10,3.9,70.1
14,1,N2,WMINUS,PHHB9*PHM49,UIUC1,1.81,1.80625,86.225,5.3125,144.875,203,87,33.205,30.555,3.8101728,16.7,57.8,71.63243996,10.9,3.4,70.1
15,1,N2,WMINUS,PHW52*Q381,UIUC8,1.826666667,1.8,133.1416667,2.4725,81.75,202,75,30.775,28.23,2.49022008,16.1,54.9,49.64497041,10.2,3.8,70.2
16,1,N2,WMINUS,PHW52*LH185,UIUC7,1.876666667,1.731666667,86.94166667,1.688333333,108.25,240,110,26.626,24.32,9.43017768,15.3,58.4,178.417869,8.8,3.6,71.4
17,1,N2,WMINUS,PHHB9*Q381,UIUC5,1.883333333,1.7275,81.79666667,0.755833333,130.5833333,240,105,22.85,21.074,6.60429952,14.9,60.6,120.9850216,8.3,3.4,72.2
18,1,N1,WMINUS,PHHB9*PHZ51,UIUC4,1.846666667,1.660833333,95.74666667,2.765833333,101.3333333,245,95,23.028,21.568,8.80875664,14.8,59.9,163.4463751,7.9,3.7,71.9
19,1,N2,WMINUS,461.2B24,ORG2,1.833333333,1.756666667,63.17166667,2.220833333,112.5,246,130,23.21,21.212,6.11442016,15.7,56.4,119.2206975,11.1,4.5,68.2
20,1,N2,WMINUS,PHHB9*PHR63,UIUC2,1.816666667,1.748333333,78.9,3.4425,130.5,212,87,26.116,24.052,4.31365992,15.4,57.8,82.36379272,9.5,3.6,70.9
21,1,N1,WPLUS,PHW52*Q381,UIUC8,1.88,1.740833333,71.5675,1.5625,124.8333333,198,85,23.388,21.702,3.56523312,15.6,59.6,65.86156229,9.9,3.8,70.2
22,1,N1,WPLUS,PHW52*LH185,UIUC7,1.87,1.685,95.3,2.8,104.125,246,105,23.404,21.148,10.34643352,15.4,57.5,198.5825572,7.4,3.6,72.4
23,1,N1,WPLUS,PHP38*Q381,UIUC6,1.92,1.786666667,101.5358333,0.130833333,84.33333333,255,115,24.67,22.082,9.23513312,15.1,60.8,168.2267985,9.7,3.9,70.5
24,1,N1,WPLUS,PHHB9*PHW30,UIUC3,1.86,1.7475,74.52833333,1.554166667,127.6666667,276,130,26.696,23.76,10.5006548,15.3,60.6,191.4586873,9.4,3.6,71
25,1,N1,WPLUS,PHHB9*PHR63,UIUC2,1.816666667,1.735833333,113.0608333,3.858333333,135.75,230,115,28.022,25.228,4.11861536,15.5,58,78.27586207,8.7,3.3,71.8
26,1,N1,WPLUS,PHHB9*PHM49,UIUC1,1.88,1.748333333,78.6675,0.558333333,153.25,255,145,29.22,27.322,5.5338224,18,62.1,95.32248997,8.8,3.4,71.6
27,1,N1,WPLUS,17.461,ORG1,1.933333333,1.754166667,77.47333333,0.008333333,84.08333333,257,130,22.136,19.974,8.20547928,14.7,56.2,162.4667818,9.8,4.3,69.2
28,1,N1,WPLUS,PHHB9*Q381,UIUC5,1.866666667,1.738333333,67.67583333,1.705,104.3333333,225,90,24.882,22.546,6.39111128,15,57.9,122.3952744,8.8,3.4,71.7
29,1,N2,WPLUS,PHHB9*PHZ51,UIUC4,1.81,1.711666667,103.4016667,4.483333333,126.3333333,270,130,25.55,23.82,8.0058988,16.3,59.1,147.9094705,8,3.3,72.4
30,1,N1,WPLUS,461.2B24,ORG2,1.863333333,1.715,79.6675,2.3925,100,215,100,21.72,19.646,6.22328224,14.9,54.7,126.3018292,10.3,4.4,68.9
31,1,N1,WMINUS,PHW52*Q381,UIUC8,1.846666667,1.776666667,64.58083333,0.618333333,169,198,80,22.43,20.774,3.8328524,15.5,59,71.61016949,9.8,3.8,70.5
32,1,N1,WMINUS,PHW52*LH185,UIUC7,1.913333333,1.753333333,99.44666667,0.41,88.25,235,95,23.81,21.168,9.32585152,15.5,60.1,171.0482529,7,3.5,73.1
33,1,N1,WMINUS,PHP38*Q381,UIUC6,1.88,1.8025,78.34833333,-0.006666667,118.6666667,247,100,20.042,17.704,9.64790184,15.2,59.4,179.6760504,9.1,3.9,71.2
34,1,N1,WMINUS,PHHB9*PHW30,UIUC3,1.903333333,1.745833333,77.705,-0.133333333,108,272,107,24.626,21.58,10.22396368,15.4,59.9,188.3695706,8.5,3.6,71.8
36,1,N1,WMINUS,PHHB9*PHM49,UIUC1,1.88,1.7275,102.69125,1.55,111.125,240,105,21.922,20.27,9.69326104,17.6,61.6,169.1470068,7.8,3.4,72.6
37,1,N1,WMINUS,17.461,ORG1,1.93,1.7525,56.58583333,-1.94,81.58333333,255,135,21.078,18.864,6.88552656,15.1,55.8,136.6653942,8.4,5,69.5
38,1,N1,WMINUS,PHHB9*Q381,UIUC5,1.9,1.751666667,87.82583333,0.608333333,104.25,230,100,21.632,19.358,7.24386424,16.3,60.4,130.9503703,7.7,3.6,72.5
39,1,N2,WMINUS,PHHB9*PHZ51,UIUC4,1.853333333,1.736666667,87.86666667,3.325833333,115.25,280,124,25.752,24.084,10.26478696,16.3,61.9,181.0642284,8.8,3.3,71.8
40,1,N1,WMINUS,461.2B24,ORG2,1.903333333,1.76,92.63,2.631666667,105.6666667,228,138,21.056,19.49,7.20757688,16.9,55.6,140.528181,9.1,4.3,69.9
42,1,N3,WPLUS,PHHB9*PHW30,UIUC3,1.91,1.773333333,87.795,-0.3725,113.8333333,280,130,24.764,22.804,10.5913732,16.3,61.4,188.3463755,8.9,3.4,71.7
43,1,N3,WPLUS,PHP38*Q381,UIUC6,1.893333333,1.775833333,60.68833333,0.693333333,103.75,257,115,24.69,21.8,8.84050808,15.6,60.4,161.1501234,9.1,3.8,71.2
44,1,N3,WPLUS,PHW52*Q381,UIUC8,1.866666667,1.758333333,87.2475,1.06,143.6666667,230,103,24.788,21.778,6.31400064,15,58.9,118.8655931,9.3,3.6,71.3
46,1,N3,WPLUS,461.2B24,ORG2,1.886666667,1.7625,97.5225,-2.193333333,93.08333333,254,118,24.56,22.508,7.72013584,15.3,56.5,150.9759648,9.4,4.7,69.1
47,1,N3,WPLUS,PHHB9*Q381,UIUC5,1.876666667,1.741666667,99.65166667,0.461666667,100.5833333,242,90,22.446,20.264,7.69745624,14.7,60.5,141.575725,8.6,3.7,71.5
48,1,N3,WPLUS,PHHB9*PHM49,UIUC1,1.876666667,1.719166667,101.1883333,1.6475,115.5,253,140,24.274,22.824,10.08788608,20.4,61,171.7241246,8.3,3.3,72.3
49,1,N3,WPLUS,PHHB9*PHR63,UIUC2,1.806666667,1.736666667,98.62,3.904166667,118.5833333,250,100,24.574,22.32,9.59800672,16.2,58.8,178.4414121,8.6,3.8,71.5
50,1,N3,WPLUS,PHHB9*PHZ51,UIUC4,1.813333333,1.716666667,81.70166667,4.44,137.1666667,270,132,24.616,22.388,10.0470628,15.2,58.2,190.9676895,8.5,3.3,71.9
51,1,N3,WMINUS,17.461,ORG1,1.893333333,1.754166667,71.22583333,1.663333333,105.3333333,245,128,22.212,19.602,9.3213156,14.9,58,178.413079,10.1,5,68.1
52,1,N3,WMINUS,PHHB9*PHW30,UIUC3,1.886666667,1.705833333,95.80833333,0.974166667,128.9166667,290,122,25.008,22.652,10.76827408,16,61.8,190.9346814,9.2,3.6,71
53,1,N3,WMINUS,PHP38*Q381,UIUC6,1.86,1.705,88.30333333,2.009166667,121.25,255,117,24.45,21.73,8.71803824,15.5,54.6,176.007326,9.9,4.3,70
54,1,N3,WMINUS,PHW52*Q381,UIUC8,1.893333333,1.7425,64.4825,1.765833333,118,230,90,25.786,23.538,7.59313008,14.7,60.3,140.1201095,10,3.9,70.2
55,1,N3,WMINUS,PHW52*LH185,UIUC7,1.843333333,1.726666667,79.71916667,2.180833333,111.6666667,262,113,22.8,20.338,10.97239048,14.8,58.2,209.5394376,8,3.6,71.9
56,1,N3,WMINUS,461.2B24,ORG2,1.88,1.73,73.05916667,3.064166667,116.1666667,255,132,25.18,22.072,8.26444624,14.6,56.4,163.2452054,11,4.2,68.4
57,1,N3,WMINUS,PHHB9*Q381,UIUC5,1.87,1.745833333,74.44833333,1.1825,105.5833333,250,90,23.648,22.42,7.76095912,14.9,61.6,139.8659994,8.7,3.5,71.6
58,1,N3,WMINUS,PHHB9*PHM49,UIUC1,1.92,1.745,87.9575,1.886666667,98.75,252,110,24.744,23.154,9.19884576,17.4,59.2,167.4324324,8.9,3.5,71.7
59,1,N3,WMINUS,PHHB9*PHR63,UIUC2,1.825,1.6425,91.30375,3.40125,141,235,105,24.834,22.81,10.23303552,17.7,60.5,181.5920583,8.5,3.5,71.9
60,1,N3,WMINUS,PHHB9*PHZ51,UIUC4,1.753333333,1.710833333,112.4108333,5.174166667,149.6666667,252,127,24.822,23.046,7.87889304,14.8,59.9,146.192767,8.6,3.6,71.7
61,2,N2,WPLUS,PHHB9*PHR63,UIUC2,1.893333333,1.736666667,94.12583333,1.35,111.1666667,220,90,24.392,22.418,9.71594064,17.1,62.1,169.198182,8.1,3.5,72.2
62,2,N2,WPLUS,PHW52*Q381,UIUC8,1.886666667,1.806666667,57.67388889,0.138333333,125.3333333,242,95,21.47,19.68,8.31887728,15.8,58.7,155.6634376,9,3.9,71.2
63,2,N2,WPLUS,PHHB9*Q381,UIUC5,1.913333333,1.741666667,73.51166667,-0.641666667,106.9166667,253,95,23.338,20.98,9.20338168,15.5,61.2,165.7679739,9.1,3.6,71.4
64,2,N2,WPLUS,PHW52*LH185,UIUC7,1.913333333,1.720833333,70.83416667,1.515,102.75,242,100,22.5,19.964,10.3645772,14.7,58.2,198.1643588,8,3.3,72.4
65,2,N2,WPLUS,PHHB9*PHM49,UIUC1,1.88,1.734166667,77.01583333,1.938333333,121.3333333,250,110,25.602,23.632,10.5686936,17.9,61.7,183.4540101,8.2,3.5,72.1
66,2,N2,WPLUS,461.2B24,ORG2,1.846666667,1.7325,85.72,3.745833333,117.4166667,240,142,25.368,21.742,6.577084,16.3,55.9,128.4679955,10.1,4.6,68.9
67,2,N2,WPLUS,PHP38*Q381,UIUC6,1.866666667,1.774166667,76.6125,0.474166667,106.4166667,230,87,23.116,20.448,8.08754536,15,59.3,151.2268378,8.8,3.7,71.6
68,2,N2,WPLUS,PHHB9*PHW30,UIUC3,1.863333333,1.715833333,88.63916667,2.645833333,128.0833333,260,92,24.366,21.946,9.67965328,16.6,61.5,171.237408,8.2,3.3,72.3
69,2,N1,WPLUS,PHHB9*PHZ51,UIUC4,1.883333333,1.723333333,78.33583333,1.011666667,109.1666667,252,100,22.178,20.46,7.75188728,14.8,57.6,149.5796351,7.3,3.4,72.9
70,2,N2,WPLUS,17.461,ORG1,1.923333333,1.778333333,64.69833333,1.245833333,91.41666667,257,148,23.992,21.432,8.1419764,14.9,55.1,164.042247,9.5,5,68.6
71,2,N2,WMINUS,PHHB9*PHR63,UIUC2,1.933333333,1.745,62.025,-1.365833333,145.5,240,110,22.192,20.624,9.28049232,16.5,61.1,165.4490166,8.5,3.5,71.9
72,2,N2,WMINUS,PHW52*Q381,UIUC8,1.843333333,1.735,76.24333333,-0.054166667,100.0833333,220,85,22.658,20.764,5.6699,18.7,59.2,101.5762434,9.5,3.8,70.7
73,2,N2,WMINUS,PHHB9*Q381,UIUC5,1.926666667,1.775,67.93333333,-0.645833333,97.5,240,115,23.112,20.942,9.3213156,15.3,60,171.6553254,8.4,3.5,72
74,2,N2,WMINUS,PHW52*LH185,UIUC7,1.883333333,1.7375,79.65333333,1.268333333,100.4166667,250,105,22.444,20.26,10.85899248,15.9,57.2,208.2751272,7.5,3.5,72.5
75,2,N2,WMINUS,PHHB9*PHM49,UIUC1,1.88,1.720833333,77.89,1.614166667,119.8333333,250,110,25.116,22.958,10.04252688,16.7,61.5,177.443787,8.8,3.6,71.5
76,2,N2,WMINUS,461.2B24,ORG2,1.846666667,1.740833333,76.45166667,3.670833333,114.75,256,113,24.77,21.618,8.12383272,18.7,54.9,156.9376273,9.6,4.2,69.7
77,2,N2,WMINUS,PHP38*Q381,UIUC6,1.893333333,1.745833333,62.56083333,0.046666667,94.91666667,247,94,23.398,20.778,7.93786,16.1,61.3,141.727077,9.4,4,70.7
78,2,N2,WMINUS,PHHB9*PHW30,UIUC3,1.875,1.705,88.5225,0.8775,113.875,265,115,24.18,21.55,9.2305972,16.3,58.8,171.4059292,7.8,3.2,72.6
79,2,N1,WMINUS,PHHB9*PHZ51,UIUC4,1.893333333,1.724166667,81.97583333,1.58,96.08333333,250,104,21.186,19.584,7.15314584,15,58.3,136.0490018,7.5,3.6,72.3
80,2,N2,WMINUS,17.461,ORG1,1.92,1.755,67.56,-0.354166667,96.25,250,150,22.672,19.708,9.46192912,15.7,55.1,188.8441671,9.6,5.3,68.5
81,2,N3,WPLUS,17.461,ORG1,1.916666667,1.743333333,67.93916667,0.485,105.6666667,247,132,22.568,20.508,9.11266328,14.7,58.2,174.2285325,10.1,4.8,68.2
82,2,N3,WPLUS,PHHB9*PHM49,UIUC1,1.87,1.730833333,103.1416667,1.081666667,117.5,248,100,23.44,21.902,10.46436744,18.1,62,180.3238213,8.4,3.5,72
83,2,N3,WPLUS,PHP38*Q381,UIUC6,1.91,1.735,66.40083333,0.841666667,132.1666667,240,104,21.832,19.524,8.54113736,15,59.8,158.3730779,9,3.9,71.1
84,2,N3,WPLUS,PHHB9*Q381,UIUC5,1.876666667,1.7425,83.23666667,1.596666667,163,245,115,22.686,21.218,8.958442,15.5,58.2,169.6735395,8.6,3.6,71.7
85,2,N3,WPLUS,PHW52*LH185,UIUC7,1.886666667,1.7425,82.50416667,1.225833333,97.25,242,100,21.618,19.858,10.37818496,15.5,57.7,198.2668977,7.6,3.2,73.1
86,2,N3,WPLUS,PHHB9*PHR63,UIUC2,1.903333333,1.766666667,69.095,-0.048333333,117.4166667,247,128,24.532,22.576,8.45495488,16,59.7,155.1901519,8.2,3.4,72
87,2,N3,WPLUS,PHHB9*PHW30,UIUC3,1.926666667,1.756666667,76.445,-1.301666667,91,248,114,24.798,22.546,9.26234864,16.1,61.5,164.8374465,8.9,3.5,71.5
88,2,N2,WPLUS,PHHB9*PHZ51,UIUC4,1.833333333,1.716666667,113.9791667,5.543333333,138.1666667,255,95,22.144,20.794,8.4594908,15.2,59.1,158.3435958,8.8,3.6,71.6
89,2,N3,WPLUS,PHW52*Q381,UIUC8,1.886666667,1.746666667,66.50333333,1.489166667,113.0833333,220,92,23.046,21.74,5.30249048,15.1,58.4,100.5593945,9.8,3.6,70.9
90,2,N3,WPLUS,461.2B24,ORG2,1.925,1.76,77.46625,0.6375,130.25,238,120,23.524,20.46,7.58405824,17.3,53.7,152.363448,10.5,4.5,68.6
91,2,N3,WMINUS,17.461,ORG1,1.883333333,1.721666667,67.77833333,2.601666667,109.6666667,255,145,22.546,20.048,8.87679544,15,56.5,174.210609,10.8,4.6,68.2
92,2,N3,WMINUS,PHHB9*PHM49,UIUC1,1.91,1.738333333,68.9125,-0.564166667,112.3333333,255,115,23.256,22.046,9.38481848,17,60.6,167.6792235,8.5,3.7,71.8
93,2,N3,WMINUS,PHP38*Q381,UIUC6,1.89,1.739166667,84.7125,0.459166667,100.1666667,240,111,22.426,19.958,9.49821648,16.3,60.8,170.5736141,8.9,4.2,70.8
94,2,N3,WMINUS,PHHB9*Q381,UIUC5,1.833333333,1.781666667,70.54833333,2.021666667,127.8333333,240,112,22.878,20.218,8.3687724,15.1,58.3,158.9823094,8.7,3.7,71.5
95,2,N3,WMINUS,PHW52*LH185,UIUC7,1.87,1.675833333,80.33833333,0.918333333,114.0833333,240,103,19.952,18.064,9.2079176,15.5,58.6,173.2081911,7.4,3.5,72.8
96,2,N3,WMINUS,PHHB9*PHR63,UIUC2,1.903333333,1.77,64.70583333,0.5575,104.75,250,130,24.278,21.902,9.48914464,15.8,59.3,175.76499,7.8,3.5,72.3
97,2,N3,WMINUS,PHHB9*PHW30,UIUC3,1.873333333,1.75,84.62833333,1.1525,115,256,105,22.952,20.862,9.40749808,17.1,59.9,169.8438225,8.5,3.5,71.9
98,2,N2,WMINUS,PHHB9*PHZ51,UIUC4,1.853333333,1.7275,95.41916667,2.418333333,107.0833333,257,138,24.082,22.202,8.92215464,15,59.2,167.1147849,8,3.3,72.4
99,2,N3,WMINUS,PHW52*Q381,UIUC8,1.876666667,1.736666667,86.12666667,1.885833333,89.33333333,222,94,21.632,19.08,7.6430252,14.5,58.5,145.7214383,9.3,4,70.7
102,2,N1,WPLUS,PHW52*LH185,UIUC7,1.896666667,1.715833333,80.22,-0.165,94.5,235,107,21.46,19.47,9.2305972,15.2,56.3,181.3698803,7.2,3.4,72.9
103,2,N1,WPLUS,PHW52*Q381,UIUC8,1.88,1.7475,72.08125,-0.945,93.75,234,85,19.762,17.844,6.27317736,15.2,58.7,118.2206183,8.1,3.8,71.9
104,2,N3,WPLUS,PHHB9*PHZ51,UIUC4,1.906666667,1.763333333,69.55583333,-0.295,105.0833333,252,105,23.498,22.192,8.67267904,15.6,57.4,166.3534214,8.1,3.4,72.1
105,2,N1,WPLUS,PHHB9*PHR63,UIUC2,1.903333333,1.743333333,67.75333333,-0.241666667,92.66666667,234,108,20.742,18.52,8.04672208,16.9,59.4,146.8525492,7.4,3.5,72.7
106,2,N1,WPLUS,PHHB9*PHM49,UIUC1,1.893333333,1.764166667,81.22416667,0.308333333,110.5833333,215,100,20.784,19.678,7.05789152,18.3,58.5,128.5846356,7.1,3.4,73
107,2,N1,WPLUS,17.461,ORG1,1.93,1.76,59.29083333,-1.256666667,88.08333333,220,124,19.078,16.544,7.484268,15.7,56.7,145.1582605,8.5,4.9,69.5
108,2,N1,WPLUS,PHP38*Q381,UIUC6,1.923333333,1.759166667,74.09166667,0.436666667,97.5,220,100,19.578,18.234,6.42739864,17.5,58.9,117.4415567,8,3.5,72.2
109,2,N1,WPLUS,461.2B24,ORG2,1.896666667,1.734166667,77.47,2.833333333,102.6666667,245,127,20.666,18.656,7.0079964,21.4,54,133.0670611,9.8,4.3,69.4
110,2,N1,WPLUS,PHHB9*PHW30,UIUC3,1.896666667,1.738333333,93.67916667,0.253333333,112.25,260,115,21.962,19.818,8.60010432,16.3,59.1,158.8874538,8,3.5,72.2
112,2,N1,WMINUS,PHW52*LH185,UIUC7,1.906666667,1.72,73.75083333,-0.036666667,100,235,96,20.5,18.042,7.64756112,15.5,60.7,138.8797364,7,3.4,73
113,2,N1,WMINUS,PHW52*Q381,UIUC8,1.89,1.794166667,62.50166667,-0.010833333,98,234,88,20.626,18.778,6.74491304,14.8,59.3,126.4180728,7.9,3.8,72.2
114,2,N3,WMINUS,PHHB9*PHZ51,UIUC4,1.873333333,1.75,74.28416667,1.759166667,110.0833333,245,100,21.768,20.25,8.164656,16.9,59.9,147.7610613,8.5,3.4,72
115,2,N1,WMINUS,PHHB9*PHR63,UIUC2,1.93,1.78125,62.7525,-0.9175,99.25,223,95,21.536,19.32,7.33004672,17,60.7,130.7507092,7.2,3.4,72.9
117,2,N1,WMINUS,17.461,ORG1,1.92,1.748333333,64.165,-0.400833333,96.16666667,240,133,19.556,17.436,8.68175088,18.5,55.4,166.6107705,8.7,4.7,69.6
118,2,N1,WMINUS,PHP38*Q381,UIUC6,1.92,1.754166667,59.99083333,-0.88,98.33333333,222,82,20.268,18.304,7.62941744,15.4,60.3,139.6343725,8.5,3.9,71.5
119,2,N1,WMINUS,461.2B24,ORG2,1.876666667,1.729166667,102.0933333,1.636666667,99.25,230,115,21.024,18.344,6.39111128,18.5,54.1,125.5985519,9.4,4.6,69.4
120,2,N1,WMINUS,PHHB9*PHW30,UIUC3,1.903333333,1.751666667,75.37833333,-0.085833333,114.8333333,250,110,23.794,20.884,9.09905552,15.6,59.6,168.0894325,8.3,3.4,72.2
121,3,N1,WMINUS,PHW52*LH185,UIUC7,1.873333333,1.7275,72.1975,0.989166667,95.83333333,215,90,21.172,19.286,9.15802248,15.5,58.9,171.3921902,8.1,3.4,72.2
122,3,N1,WMINUS,PHP38*Q381,UIUC6,1.926666667,1.743333333,74.0425,-0.705,101,230,105,22.36,20.052,7.8471416,15.4,61.8,140.1332797,8.3,3.5,72
123,3,N1,WMINUS,17.461,ORG1,1.926666667,1.755,52.65416667,-1.075,88.75,237,120,20.774,18.546,7.78363872,15.2,56.2,153.2110594,9.1,4.6,69.4
124,3,N1,WMINUS,PHHB9*PHR63,UIUC2,1.93,1.766666667,92.26583333,-0.818333333,110,237,116,23.88,21.206,8.19187152,16.6,58.9,151.3149356,7.4,3.5,72.6
125,3,N1,WMINUS,PHHB9*PHM49,UIUC1,1.906666667,1.745833333,79.74083333,0.256666667,113.6666667,234,115,22.464,20.692,8.06940168,18.6,59.3,144.4970414,7.8,3.3,72.7
127,3,N1,WMINUS,461.2B24,ORG2,1.893333333,1.73,80.12916667,1.175833333,94,237,125,20.432,18.476,6.09174056,16.4,56.5,117.5837042,9.7,4.3,69.3
128,3,N1,WMINUS,PHHB9*PHZ51,UIUC4,1.886666667,1.74,90.4825,2.119166667,93.66666667,250,100,21.392,19.936,9.07637592,14.9,59.5,169.345234,7.9,3.5,72.3
129,3,N1,WMINUS,PHW52*Q381,UIUC8,1.896666667,1.756666667,78.29833333,0.380833333,85.16666667,215,70,20.906,18.562,4.36809096,14.6,58.1,83.75703999,9.1,3.8,71.1
130,3,N1,WMINUS,PHHB9*Q381,UIUC5,1.886666667,1.755,78.015,0.781666667,110.9166667,213,90,21.55,19.464,7.17582544,16,58.9,133.5007685,8.5,3.6,71.6
131,3,N1,WPLUS,PHW52*LH185,UIUC7,1.896666667,1.745,69.92916667,-0.1725,93.33333333,215,95,20.9292,18.568,7.97414736,15.3,57.9,152.1727933,7.5,3.4,72.6
132,3,N1,WPLUS,PHP38*Q381,UIUC6,1.896666667,1.743333333,76.0425,0.3725,89.33333333,242,86,20.902,18.518,7.7791028,15.3,58.5,146.9281343,8.3,3.8,71.7
133,3,N1,WPLUS,17.461,ORG1,1.933333333,1.761666667,63.08083333,-0.854166667,89.5,255,147,20.714,18.442,8.24176664,15.7,55.5,163.306253,8.6,4.9,69.5
134,3,N1,WPLUS,PHHB9*PHR63,UIUC2,1.923333333,1.7475,57.6675,-1.3075,137.75,222,100,24.432,21.96,9.19884576,18,58.8,167.3469388,7.2,3.5,72.7
135,3,N1,WPLUS,PHHB9*PHM49,UIUC1,1.91,1.746666667,91.59083333,-0.0775,109.4166667,230,95,20.892,19.478,8.13744048,18,60.8,143.1680162,8,3.5,72.1
136,3,N1,WPLUS,PHHB9*PHW30,UIUC3,1.886666667,1.760833333,82.36833333,1.135,118.5,250,113,23.198,20.356,9.35760296,18.3,60.8,164.0329142,8.4,3.4,72
137,3,N1,WPLUS,461.2B24,ORG2,1.93,1.7525,81.91375,-0.545,127,225,107,21.556,19.306,6.1688512,16,57.9,116.7489346,9.7,4.5,69.3
138,3,N1,WPLUS,PHHB9*PHZ51,UIUC4,1.89,1.716666667,85.94416667,0.7675,110.9166667,265,104,20.822,19.588,8.28258992,16.5,59.2,152.397849,8.2,3.6,72
139,3,N1,WPLUS,PHW52*Q381,UIUC8,1.853333333,1.770833333,93.62,-0.103333333,80.41666667,212,90,21.056,17.868,6.69501792,16.2,57.3,127.728864,8.6,3.4,71.9
140,3,N1,WPLUS,PHHB9*Q381,UIUC5,1.926666667,1.778333333,66.60416667,-1.113333333,90.16666667,210,84,22.946,20.138,8.10568904,14.8,59.1,152.4368486,7.7,3.6,72.4
141,3,N3,WPLUS,PHW52*LH185,UIUC7,1.843333333,1.755,78.22833333,2.629166667,110.4166667,235,103,23.538,21.168,9.17616616,15.8,59.5,169.3964497,8.1,3.4,72.2
142,3,N3,WPLUS,17.461,ORG1,1.933333333,1.775833333,54.58083333,-0.29,97.66666667,257,145,23.992,21.632,9.70233288,14.8,56.9,189.5184118,9.5,5,68.7
143,3,N3,WPLUS,461.2B24,ORG2,1.893333333,1.7275,78.2625,2.4225,108.25,236,115,24.424,21.704,6.20513856,19.9,55.3,117.2483602,10.6,4.8,68.1
144,3,N3,WPLUS,PHHB9*PHR63,UIUC2,1.886666667,1.740833333,76.855,2.705833333,146,247,110,25.48,23.262,9.33492336,15.5,58.3,176.5008576,9,4,70.9
145,3,N3,WPLUS,PHW52*Q381,UIUC8,1.886666667,1.719166667,70.2075,0.373333333,109.5833333,220,100,25.184,22.4,5.87855232,15.9,57.1,112.9479062,9,3.6,71.4
146,3,N3,WPLUS,PHHB9*Q381,UIUC5,1.84,1.7475,83.5625,3.3725,105,242,97,25.57,23.024,7.20304096,14.9,58.6,136.4569744,9.2,3.6,71.2
147,3,N3,WPLUS,PHHB9*PHM49,UIUC1,1.89,1.74125,81.7675,1.3325,114.75,245,105,22.928,21.1,9.37574664,18.8,59.9,165.7994093,8.5,3.4,71.7
148,3,N2,WMINUS,PHHB9*PHZ51,UIUC4,1.84,1.705,95.92625,2.23875,129.75,262,120,23.85,22.088,8.60464024,15.6,60.7,156.0753731,8.6,3.6,71.6
149,3,N3,WPLUS,PHP38*Q381,UIUC6,1.88,1.768333333,98.675,1.285833333,109.1666667,243,95,23.59,20.366,8.10568904,15.2,59.9,149.6948563,8.4,3.7,71.7
150,3,N3,WPLUS,PHHB9*PHW30,UIUC3,1.87,1.721666667,86.17166667,4.128333333,118.0833333,270,120,23.912,20.848,9.85201824,15.8,60.4,179.1629766,8.9,3.5,71.4
151,3,N3,WMINUS,PHW52*LH185,UIUC7,1.873333333,1.726666667,71.46333333,2.524166667,131.5,232,94,22.122,19.994,9.34853112,14.9,59.2,175.3069527,9.2,3.6,71
152,3,N3,WMINUS,17.461,ORG1,1.943333333,1.7725,61.64416667,-0.515833333,107.25,255,137,24.326,22.172,8.82690032,15,56.4,173.5385455,10.4,4.9,68.1
153,3,N3,WMINUS,461.2B24,ORG2,1.906666667,1.735833333,71.66416667,-0.14,99.16666667,237,124,23.77,20.652,8.60010432,19.4,54.7,165.310083,10.9,5.3,67.3
154,3,N3,WMINUS,PHHB9*PHR63,UIUC2,1.906666667,1.775833333,68.125,-0.305,129.6666667,252,115,25.152,22.424,9.9336648,15.3,59.6,184.1596839,9.5,4.1,70.4
155,3,N3,WMINUS,PHW52*Q381,UIUC8,1.845,1.79375,52.4825,1.8175,167.875,230,95,24.866,22.3,6.25049776,15.3,58.2,118.6650806,10.1,4.1,70
156,3,N3,WMINUS,PHHB9*Q381,UIUC5,1.896666667,1.7775,50.01083333,-2.166666667,184.3333333,237,95,23.228,20.236,8.76793336,15.8,59,163.2319727,9,3.8,71.2
157,3,N3,WMINUS,PHHB9*PHM49,UIUC1,1.89,1.749166667,80.22083333,2.220833333,118,247,110,25.586,22.694,10.43715192,16.2,61.7,184.9220795,8.9,3.4,71.8
158,3,N2,WPLUS,PHHB9*PHZ51,UIUC4,1.83,1.7125,103.7541667,3.4875,113.8333333,250,133,23.452,21.61,8.75886152,15.5,62.6,154.2332268,8.8,3.6,71.4
159,3,N3,WMINUS,PHP38*Q381,UIUC6,1.89,1.745,68.93083333,1.38,142,245,95,24.276,21.022,8.94483424,15.5,59.9,164.6076795,9.4,4,70.8
160,3,N3,WMINUS,PHHB9*PHW30,UIUC3,1.886666667,1.7625,91.57416667,3.098333333,127.6666667,270,122,25.916,22.474,10.84992064,15.1,60.6,198.2939832,9.4,3.8,70.7
161,3,N2,WMINUS,461.2B24,ORG2,1.883333333,1.784166667,113.3908333,1.894166667,98.66666667,220,115,24.128,21.624,3.33843712,20.6,55.7,62.08067309,11.5,4.1,68.1
162,3,N3,WPLUS,PHHB9*PHZ51,UIUC4,1.883333333,1.735833333,90.49916667,0.194166667,90.5,265,114,23.936,21.902,9.3439952,15,57.9,178.9455396,8.6,3.6,71.7
163,3,N2,WMINUS,PHHB9*PHM49,UIUC1,1.903333333,1.740833333,80.16416667,-0.083333333,146.6666667,255,140,23.958,22.206,8.8223644,17.2,60.2,158.2948358,8.3,3.6,71.9
164,3,N2,WMINUS,PHP38*Q381,UIUC6,1.92,1.761666667,81.70916667,0.025,112.6666667,245,96,22.934,20.038,9.3439952,14.5,60.7,171.6951152,8.6,3.9,71.3
165,3,N2,WMINUS,PHW52*Q381,UIUC8,1.833333333,1.774166667,87.63083333,1.8025,99.91666667,235,105,22.55,19.94,6.35935984,14.5,59.3,119.6114432,9.2,4.2,70.4
166,3,N2,WMINUS,PHHB9*PHR63,UIUC2,1.866666667,1.7675,71.79666667,0.756666667,173.5,241,114,21.764,19.696,10.89074392,15.4,59.5,202.0034807,8.2,3.6,72
167,3,N2,WMINUS,PHHB9*Q381,UIUC5,1.916666667,1.770833333,70.32916667,0.614166667,105.9166667,230,103,22.93,20.378,9.11266328,14.8,61.6,164.4190425,8.4,3.3,72.2
168,3,N2,WMINUS,PHHB9*PHW30,UIUC3,1.88,1.7525,81.96833333,3.1975,132.9166667,260,117,25.314,22.54,9.53450384,15.4,60.2,174.7913267,8.6,3.3,71.8
169,3,N2,WMINUS,17.461,ORG1,1.943333333,1.785,66.99916667,-0.884166667,98.25,265,120,21.262,18.994,9.38481848,15.1,56.1,185.275765,9.7,5,68.5
170,3,N2,WMINUS,PHW52*LH185,UIUC7,1.903333333,1.79,82.11,1.024166667,96.5,250,112,23.558,20.972,10.60498096,15.2,57.2,205.0962056,8,3.3,72.4
171,3,N2,WPLUS,461.2B24,ORG2,1.87,1.75,85.09166667,3.533333333,103.3333333,218,100,23.818,20.838,5.88762416,15.9,57.4,112.5309775,10.3,4.6,68.7
172,3,N3,WMINUS,PHHB9*PHZ51,UIUC4,1.833333333,1.684166667,94.15916667,2.011666667,129,270,123,24.5,21.666,9.07184,14.8,61.5,163.9486217,9.1,3.7,71.2
173,3,N2,WPLUS,PHHB9*PHM49,UIUC1,1.91,1.735833333,77.5925,-0.145,112.9166667,232,125,23.25,21.296,8.64999944,16.9,58.7,159.7448666,8,3.5,72.1
174,3,N2,WPLUS,PHP38*Q381,UIUC6,1.9,1.776666667,80.17583333,-0.438333333,114.75,237,115,21.852,19.386,8.10568904,14.9,60,149.9740631,8.3,3.7,71.9
175,3,N2,WPLUS,PHW52*Q381,UIUC8,1.846666667,1.794166667,115.345,2.183333333,85.33333333,237,95,22.198,19.446,5.99195032,14.9,58.2,114.2938043,9.1,3.7,71.1
176,3,N2,WPLUS,PHHB9*PHR63,UIUC2,1.906666667,1.7575,108.0341667,0.865833333,107.25,240,100,22.03,20.468,9.47553688,15.1,60.5,173.4618808,8.4,3.4,72
177,3,N2,WPLUS,PHHB9*Q381,UIUC5,1.84,1.77125,60.8025,1.655,160.875,232,120,21.414,19.362,8.60464024,14.8,60.8,157.2956244,8.6,3.5,71.8
178,3,N2,WPLUS,PHHB9*PHW30,UIUC3,1.873333333,1.735,88.2125,1.433333333,123.5,262,115,25.116,22.148,9.7068688,19.9,60.7,167.0978622,8.5,3.4,71.9
179,3,N2,WPLUS,17.461,ORG1,1.916666667,1.744166667,64.51583333,0.5125,99.75,245,125,21.892,19.358,8.7770052,14.7,53.3,183.2382295,9.3,5.2,68.6
181,4,N2,WPLUS,PHHB9*PHR63,UIUC2,1.876666667,1.72,88.07833333,2.435,117.0833333,215,85,23.062,20.69,8.35516464,16.7,60.8,149.3290642,8.7,3.6,71.7
182,4,N2,WPLUS,17.461,ORG1,1.93,1.775,78.985,-0.72,94.5,240,115,19.918,17.756,9.28502824,15.4,57.9,176.9794892,10.1,4.5,68.8
183,4,N1,WMINUS,PHHB9*PHZ51,UIUC4,1.833333333,1.689166667,78.18666667,3.015833333,119,265,105,25.334,22.986,10.32375392,15.3,59.2,192.6847113,7.5,3.3,72.5
184,4,N2,WPLUS,461.2B24,ORG2,1.893333333,1.739166667,62.70333333,1.1475,107.5833333,245,115,22.742,20.596,6.8945984,15.1,55,138.8359333,10.1,4.1,69.4
185,4,N2,WPLUS,PHHB9*PHW30,UIUC3,1.906666667,1.756666667,71.9875,-0.200833333,122.6666667,260,124,22.748,20.566,9.73862024,15.6,59.8,179.3026063,8.4,3.3,72.2
186,4,N2,WPLUS,PHHB9*PHM49,UIUC1,1.866666667,1.731666667,108.0358333,1.965833333,111.8333333,240,105,24.18,22.256,8.83597216,16.3,60.5,159.4675534,8,3.6,72.1
187,4,N2,WPLUS,PHP38*Q381,UIUC6,1.88,1.783333333,68.99833333,0.719166667,112.5,237,111,21.164,18.04,8.7543256,15.3,60.7,159.3548639,8.5,3.8,71.6
188,4,N2,WPLUS,PHHB9*Q381,UIUC5,1.853333333,1.718333333,55.51833333,0.466666667,94.58333333,227,85,21.92,19.036,8.7089664,17,60.8,155.0918717,8.1,3.4,72.5
189,4,N2,WPLUS,PHW52*Q381,UIUC8,1.886666667,1.7475,63.23583333,0.36,98.58333333,222,80,20.83,18.438,5.6472204,15.1,58.3,107.2807454,9.4,3.7,71.1
191,4,N2,WMINUS,PHHB9*PHR63,UIUC2,1.856666667,1.7075,89.5675,3.391666667,130.6666667,225,103,24.874,22.098,8.25083848,17.5,59.9,148.2426332,9.1,3.6,71.3
192,4,N2,WMINUS,17.461,ORG1,1.916666667,1.76,61.9075,-0.999166667,98.66666667,253,100,22.898,20.08,9.00833712,15.2,57.3,173.91369,9.4,4.5,69.4
193,4,N1,WPLUS,PHHB9*PHZ51,UIUC4,1.816666667,1.706666667,95.99166667,2.650833333,135,255,118,22.904,20.862,7.70199216,14.8,57.1,149.9182375,9,3.5,71.3
194,4,N2,WMINUS,461.2B24,ORG2,1.863333333,1.7175,82.96583333,1.866666667,96.83333333,250,130,22.782,20.272,7.52055536,15.8,56.9,145.1769428,10.1,4.7,68.8
195,4,N2,WMINUS,PHHB9*PHW30,UIUC3,1.88,1.795,77.29083333,0.124166667,147.25,274,120,23.268,21.372,10.51426256,15.7,60.7,190.4871177,8.8,3.4,71.6
196,4,N2,WMINUS,PHHB9*PHM49,UIUC1,1.9,1.763333333,81.6825,0.931666667,107.3333333,247,111,23.308,21.312,8.84050808,15.3,61.5,158.8303266,8.4,3.5,71.8
197,4,N2,WMINUS,PHP38*Q381,UIUC6,1.876666667,1.795,72.255,1.0525,132.5,230,105,21.568,18.862,9.0945196,15.1,60.2,167.3165386,8.7,3.9,71.3
198,4,N2,WMINUS,PHHB9*Q381,UIUC5,1.85,1.736666667,77.83083333,1.754166667,129.8333333,237,85,22.706,20.578,9.24420496,14.8,59.5,172.6792303,8.7,3.5,71.9
199,4,N2,WMINUS,PHW52*Q381,UIUC8,1.88,1.7775,74.26333333,0.768333333,120,220,94,22.9,20.0982,4.52684816,21.5,57.8,80.20208431,9.2,3.8,70.9
200,4,N2,WMINUS,PHW52*LH185,UIUC7,1.876666667,1.739166667,83.16333333,3.018333333,102.75,240,99,21.328,19.024,9.979024,15.2,57.1,193.3284283,8,3.4,72.2
201,4,N3,WMINUS,PHHB9*Q381,UIUC5,1.83,1.771666667,133.2758333,2.6025,129.0833333,192,100,23.58,21.452,6.09627648,15.8,60.8,110.1339147,10.5,4,69.7
203,4,N3,WMINUS,PHHB9*PHM49,UIUC1,1.9,1.725,107.335,5.1075,155.25,280,145,24.438,22.568,9.92459296,19.9,59,175.7685287,8.4,3.5,72
204,4,N3,WMINUS,PHW52*Q381,UIUC8,1.84,1.784166667,83.97666667,1.2225,109.25,230,92,23.194,20.826,5.58825344,14.9,58.1,106.7769302,8.8,3.9,71.2
205,4,N3,WMINUS,PHHB9*PHR63,UIUC2,1.9,1.7525,78.67666667,-0.920833333,105.25,240,107,23.554,21.114,9.5481116,15.8,61.5,170.5306201,8.7,3.9,71.3
206,4,N3,WMINUS,17.461,ORG1,1.906666667,1.763333333,75.46583333,-0.024166667,95.5,270,146,23.23,20.95,9.07637592,15.2,56.1,178.9754137,10.6,4.4,68.4
207,4,N2,WPLUS,PHHB9*PHZ51,UIUC4,1.893333333,1.724166667,73.86166667,0.228333333,130,260,105,23.308,21.172,8.19640744,15.4,61.1,148.0473373,7.9,3.6,72
208,4,N3,WMINUS,PHP38*Q381,UIUC6,1.86,1.689166667,91.2925,2.926666667,124.3333333,245,115,24.588,21.304,9.2759564,15,59.3,173.4486165,9.3,3.9,70.6
209,4,N3,WMINUS,461.2B24,ORG2,1.9,1.754166667,96.16333333,0.651666667,106.3333333,247,140,21.408,19.214,7.030676,15.8,55.4,139.3950398,10.6,4.2,68.9
210,4,N3,WMINUS,PHW52*LH185,UIUC7,1.883333333,1.800833333,75.99166667,1.308333333,102.8333333,237,96,23.27,20.754,10.37364904,15.5,58.1,196.8158348,8.6,3.8,71.3
211,4,N3,WPLUS,PHHB9*Q381,UIUC5,1.87,1.778333333,117.2341667,2.724166667,96.5,200,85,22.276,20.388,7.5523068,16.1,59.3,139.3910215,9.5,3.6,70.9
213,4,N3,WPLUS,PHHB9*PHM49,UIUC1,1.863333333,1.741666667,100.7675,1.2225,139.9166667,255,128,25.606,23.398,9.52996792,18,58.1,175.4595729,8.7,3.5,71.7
214,4,N3,WPLUS,PHW52*Q381,UIUC8,1.895,1.76,68.35875,0.77375,129.25,225,94,22.35,20.212,8.76793336,15.6,59,163.6196971,9,3.6,71.4
215,4,N3,WPLUS,PHHB9*PHR63,UIUC2,1.923333333,1.755,85.01,-0.53,113,252,114,23.526,21.434,8.92215464,16,60.4,161.867628,8.2,3.4,72.2
216,4,N3,WPLUS,17.461,ORG1,1.91,1.76,80.02375,1.3825,107.625,257,137,22.928,20.408,8.81782848,14.6,56.4,174.176004,10.7,4.2,68.7
217,4,N2,WMINUS,PHHB9*PHZ51,UIUC4,1.843333333,1.706666667,113.61,1.705,83.66666667,270,120,21.638,19.448,9.57986304,15.5,58.6,180.2047782,8.1,3.3,72.1
218,4,N3,WPLUS,PHP38*Q381,UIUC6,1.89,1.746666667,89.34083333,1.950833333,112.9166667,248,95,23.462,20.56,8.4821704,15,59.6,157.8074739,9,3.7,71.2
219,4,N3,WPLUS,461.2B24,ORG2,1.876666667,1.790833333,88.28333333,0.935833333,113.0833333,250,145,22.328,18.606,7.1894332,15.8,57.3,137.816124,10.7,4.2,68.7
220,4,N3,WPLUS,PHW52*LH185,UIUC7,1.863333333,1.7475,96.42583333,3.2925,102.5833333,258,146,23.106,20.424,10.33736168,15,57.1,200.7430129,8.2,3.1,72.4
221,4,N1,WMINUS,PHHB9*PHW30,UIUC3,1.85,1.695,107.19,5.14625,134.75,255,110,27.194,23.918,8.67267904,16.3,60.2,157.300517,9.9,3.3,70.9
223,4,N1,WMINUS,PHW52*LH185,UIUC7,1.886666667,1.761666667,100.6308333,3.208333333,102.5,246,138,23.456,21.116,10.70023528,15.6,57,206.6849372,8,3.3,72.5
224,4,N1,WMINUS,PHHB9*Q381,UIUC5,1.823333333,1.715833333,92.0675,4.318333333,131.1666667,226,95,24.334,21.668,6.24596184,15.3,58.3,118.3755722,9.6,3.6,71
225,4,N1,WMINUS,461.2B24,ORG2,1.866666667,1.711666667,95.33083333,2.5975,111.1666667,240,131,23.08,19.816,7.40715736,15.7,57.7,141.1728693,11,4.5,68.1
226,4,N1,WMINUS,PHP38*Q381,UIUC6,1.9,1.814166667,74.96,0.554166667,107.75,240,103,23.198,20.452,7.67024072,15,60.6,140.3470229,8.4,3.6,72
227,4,N1,WMINUS,PHW52*Q381,UIUC8,1.87,1.78375,81.42875,1.49375,113.125,233,105,22.642,20.348,8.24176664,15.3,60.6,150.272326,8.2,3.6,72
228,4,N1,WMINUS,17.461,ORG1,1.94,1.764166667,65.52333333,-0.335,94.33333333,235,126,22.04,19.382,8.5275296,15,56.2,168.2494894,9.1,5,68.9
229,4,N1,WMINUS,PHHB9*PHM49,UIUC1,1.883333333,1.74,89.54416667,3.336666667,132.5833333,246,134,25.412,23.044,9.84748232,19.1,57.6,180.426015,8.5,3.6,71.5
230,4,N3,WMINUS,PHHB9*PHZ51,UIUC4,1.803333333,1.694166667,97.79333333,2.235833333,119.5,266,110,24.132,22.114,9.40296216,15,60.3,172.9076511,8.3,3.3,72
231,4,N1,WPLUS,PHHB9*PHW30,UIUC3,1.83,1.694166667,103.9675,5.310833333,128.0833333,244,100,25.79,22.836,7.22572056,15.7,60.2,131.9958128,9.1,3.5,71.3
232,4,N1,WPLUS,PHHB9*PHR63,UIUC2,1.833333333,1.716666667,87.65916667,4.12,134.3333333,268,121,23.894,21.042,8.00136288,15.8,59.6,147.461181,7.9,3.4,72.4
233,4,N1,WPLUS,PHW52*LH185,UIUC7,1.903333333,1.73,101.0008333,1.655833333,93.08333333,240,115,21.26,19.19,11.07218072,16.2,56.9,212.7222055,7.3,3.4,72.8
234,4,N1,WPLUS,PHHB9*Q381,UIUC5,1.843333333,1.710833333,82.85666667,2.9975,166.8333333,198,77,23.796,21.712,1.5648924,13.3,53,33.39455175,9.9,3.9,70.3
235,4,N1,WPLUS,461.2B24,ORG2,1.865,1.71,92.37875,3.44625,105.875,224,102,21.776,19.36,7.04881968,15.4,57.2,135.9999172,10.2,4.2,69.1
236,4,N1,WPLUS,PHP38*Q381,UIUC6,1.936666667,1.758333333,73.62583333,-0.9375,93.66666667,230,115,21.918,19.252,6.58615584,15.9,58.7,123.0942613,7.3,3.6,72.6
237,4,N1,WPLUS,PHW52*Q381,UIUC8,1.91,1.7725,70.83875,-0.27,85.625,218,66,20.87,18.632,9.14441472,16,59.7,167.8451429,7.7,3.5,72.5
238,4,N1,WPLUS,17.461,ORG1,1.95,1.77125,52.91375,-0.71,86.875,260,152,23.752,20.234,8.391452,15.5,57.3,161.4310646,8.8,4.9,69.4
239,4,N1,WPLUS,PHHB9*PHM49,UIUC1,1.883333333,1.763333333,68.9975,0.935,122.3333333,235,104,22.234,20.702,9.60254264,17.5,61.3,168.5883761,7.1,3.3,73
240,4,N3,WPLUS,PHHB9*PHZ51,UIUC4,1.86,1.7075,87.415,2.093333333,120.75,285,141,24.082,21.514,9.67058144,15.3,59.2,180.493763,8.7,3.6,71.5
241,1,N2,WMINUS,PHHB9*PHZ51,UIUC4,1.866666667,1.7125,72.1575,0.1225,108.0833333,243,95,24.138,21.87,5.99648624,17.5,58,111.2681085,8.6,3.6,71.8
242,1,N2,WMINUS,PHHB9*PHW30,UIUC3,1.896666667,1.719166667,79.37333333,0.634166667,107.0833333,250,94,24.896,21.942,6.45915008,20,54.3,124.1404862,9.9,3.8,70.8
243,1,N2,WMINUS,17.461,ORG1,1.91,1.729166667,72.28416667,0.071666667,95.08333333,222,107,20.052,18.432,6.19606672,17.5,51.2,130.241078,8.6,5,69.5
245,1,N2,WMINUS,PHP38*Q381,UIUC6,1.87,1.7275,95.515,0.925833333,112.5833333,197,77,21.01,19.2,2.8803092,18.1,56,54.95192308,9.1,3.9,71.1
246,1,N2,WMINUS,PHHB9*Q381,UIUC5,1.926666667,1.746666667,75.02416667,-1.3625,96.66666667,205,77,21.702,20.198,6.25503368,18.5,53.3,124.769364,8.6,3.6,71.9
247,1,N2,WMINUS,PHW52*Q381,UIUC8,1.873333333,1.686666667,76.79,0.290833333,97.41666667,186,71,19.876,18.152,3.29761384,17,54.4,65.63370171,9.2,3.9,71
248,1,N2,WMINUS,PHHB9*PHR63,UIUC2,1.886666667,1.684166667,85.48166667,-0.1375,112.8333333,205,85,20.796,18.616,7.36179816,20.8,58.5,130.0172963,7.6,3.8,72.2
249,1,N2,WMINUS,PHHB9*PHM49,UIUC1,1.903333333,1.741666667,85.375,-1.6975,111.25,215,84,22.032,19.996,6.38203944,21,57.2,114.9842761,7.4,3.6,72.7
250,1,N2,WMINUS,461.2B24,ORG2,1.9,1.74,91.56416667,-0.525833333,110.8333333,213,80,20.222,18.49,4.9668324,20.2,53.1,97.3723799,9.8,4.9,68.8
251,1,N2,WPLUS,PHHB9*PHZ51,UIUC4,1.923333333,1.7025,74.60583333,-0.745,76.66666667,258,125,14.654,13.988,5.37052928,17.4,56,103.3372781,8.9,3.5,71.6
252,1,N2,WPLUS,PHHB9*PHW30,UIUC3,1.836666667,1.68,91.905,2.679166667,122.8333333,251,95,23.82,20.966,7.02160416,18.7,56.5,131.8033199,8.4,3.7,71.5
253,1,N2,WPLUS,17.461,ORG1,1.913333333,1.718333333,73.16333333,-0.966666667,112.75,220,101,22.604,19.986,6.15524344,19.1,50.5,128.6323745,9,4.9,69.5
254,1,N2,WPLUS,PHW52*LH185,UIUC7,1.866666667,1.684166667,89.31,1.785,98.75,211,83,19.078,17.452,5.4884632,21.3,53.2,105.9160475,7.1,3.6,72.8
255,1,N2,WPLUS,PHP38*Q381,UIUC6,1.916666667,1.705,85.435,-0.6825,88.33333333,207,87,21.154,18.736,5.66082816,17.1,55.5,110.3035343,8.8,3.8,71.3
256,1,N2,WPLUS,PHHB9*Q381,UIUC5,1.923333333,1.765833333,88.28333333,-2.398333333,122.8333333,215,82,20.582,19.316,3.30668568,17.5,54.8,64.94028852,8.4,3.9,71.5
257,1,N2,WPLUS,PHW52*Q381,UIUC8,1.913333333,1.715833333,75.24333333,-0.716666667,88.16666667,197,76,20.332,18.124,3.10256928,16.3,52.6,64.4034468,8.9,4.1,71
258,1,N2,WPLUS,PHHB9*PHR63,UIUC2,1.925,1.74625,97.4575,0.48375,92,215,77,19.914,17.7,5.73340288,21.4,58.7,100.1485842,7.3,3.7,72.7
259,1,N2,WPLUS,PHHB9*PHM49,UIUC1,1.91,1.723333333,78.04666667,0.288333333,107.5833333,219,85,22.144,20.416,6.010094,21.1,57.3,107.9571858,7.9,3.7,72.5
260,1,N2,WPLUS,461.2B24,ORG2,1.88,1.741666667,66.60333333,1.313333333,101.5833333,222,94,21.638,17.662,4.36355504,19.3,54.6,84.13355875,9.8,5.1,68.5
261,1,N1,WPLUS,461.2B24,ORG2,1.92,1.724166667,63.0975,-2.6675,80.58333333,235,97,22.644,19.902,3.30668568,19.2,54.5,63.95222843,8.6,5,69.5
262,1,N1,WPLUS,PHHB9*PHZ51,UIUC4,1.856666667,1.7225,70.89916667,2.4525,100.1666667,252,85,24.1,22.052,8.04218616,18.1,57.4,149.6904315,8.7,3.8,71.6
263,1,N1,WPLUS,17.461,ORG1,1.923333333,1.7675,70.11,-0.903333333,96.41666667,215,89,20.788,19.024,5.6699,17,51.6,118.9739003,8.6,5,69.5
264,1,N1,WPLUS,PHW52*LH185,UIUC7,1.886666667,1.708333333,87.95083333,0.639166667,91.16666667,215,88,19.116,16.826,4.02789696,21.6,50,82.3895858,7.2,3.8,72.5
265,1,N1,WPLUS,PHP38*Q381,UIUC6,1.883333333,1.715,85.5,-0.053333333,118.3333333,199,82,21.498,18.966,6.28678512,18.4,55.8,119.9312846,8,4,71.6
266,1,N1,WPLUS,PHHB9*PHR63,UIUC2,1.906666667,1.749166667,66.48944444,-0.336666667,89.16666667,218,87,20.436,18.518,7.38447776,22.1,54.6,137.4397989,7.2,3.6,72.9
268,1,N1,WPLUS,PHHB9*PHM49,UIUC1,1.893333333,1.756666667,87.43583333,-1.473333333,107.4166667,200,82,20.77,19.65,5.50207096,20.9,55.2,102.8517065,6.9,3.3,73.4
269,1,N1,WPLUS,PHHB9*PHW30,UIUC3,1.885,1.715,89.76125,0.17875,111,230,88,22.218,19.358,6.22781816,17,57.7,116.8654436,7.3,3.4,72.9
270,1,N1,WPLUS,PHW52*Q381,UIUC8,1.893333333,1.715833333,74.82,-0.2975,101.0833333,200,77,20.71,18.458,2.20899304,15.6,56.1,43.35326815,7.7,3.9,71.9
271,1,N1,WMINUS,461.2B24,ORG2,1.913333333,1.7025,71.55166667,-1.483333333,79.41666667,225,103,24.662,20.348,2.82587816,19.3,54.5,54.58563596,10.9,4.2,68.8
272,1,N1,WMINUS,PHHB9*PHZ51,UIUC4,1.88,1.708333333,88.33833333,1.539166667,138.4166667,258,90,23.214,21.094,6.8492392,17.4,55.7,132.499761,9.2,3.7,71.3
273,1,N1,WMINUS,17.461,ORG1,1.923333333,1.745,83.81916667,-0.424166667,90.25,220,100,21.238,19.706,6.38657536,16.9,52.8,131.1242604,8.5,5,69.7
274,1,N1,WMINUS,PHW52*LH185,UIUC7,1.893333333,1.716666667,75.09083333,-0.220833333,102,215,70,19.326,17.518,5.00311976,23.1,50,100.3795266,8.1,3.9,71.9
275,1,N1,WMINUS,PHP38*Q381,UIUC6,1.88,1.710833333,86.74166667,-0.800833333,113.9166667,195,70,21.412,19.552,5.94659112,18.1,56.8,111.8540087,8.3,3.9,71.6
276,1,N1,WMINUS,PHHB9*PHR63,UIUC2,1.906666667,1.73,77.64333333,-0.819166667,127.3333333,215,85,22.562,20.454,6.72676936,21.6,51.7,133.0699415,7.3,3.6,72.9
277,1,N1,WMINUS,PHHB9*Q381,UIUC5,1.886666667,1.706666667,82.33333333,-0.12,109.5,195,85,21.408,19.342,5.04847896,17.1,54.9,99.44676173,7.9,3.9,72
278,1,N1,WMINUS,PHHB9*PHM49,UIUC1,1.91,1.706666667,68.7325,-1.3525,96.33333333,205,70,20.186,18.842,6.14163568,22.3,54.6,114.0145653,7.1,3.6,73
279,1,N1,WMINUS,PHHB9*PHW30,UIUC3,1.88,1.741666667,76.9875,0.246666667,118.3333333,235,92,22.402,19.888,6.15070752,17.3,57,116.4135783,7.3,3.7,72.6
280,1,N1,WMINUS,PHW52*Q381,UIUC8,1.91,1.706666667,71.80916667,-0.618333333,91.33333333,198,63,19.024,17.1798,2.87577328,16.9,54.4,57.30660459,8.2,4,71.7
282,1,N3,WMINUS,PHP38*Q381,UIUC6,1.886666667,1.7175,70.3525,0.0375,102.25,210,89,20.406,18.432,5.4884632,17.1,50,118.7088757,9.4,4,70.6
283,1,N3,WMINUS,PHHB9*PHW30,UIUC3,1.89,1.758333333,85.84416667,1.638333333,116.8333333,245,90,22.658,20.506,7.46612432,18,53,150.6888467,8.2,3.7,71.7
284,1,N3,WMINUS,PHW52*Q381,UIUC8,1.893333333,1.716666667,72.88416667,-1.065833333,90.66666667,215,72,19.884,18.242,4.1503668,18.1,53.3,83.19382306,9.6,4.2,70.5
285,1,N3,WMINUS,PHHB9*PHM49,UIUC1,1.876666667,1.73,85.97166667,0.164166667,111.4166667,215,79,22.754,20.99,8.88586728,21.2,57.8,158.0323908,8.6,3.7,71.9
286,1,N3,WMINUS,PHHB9*PHR63,UIUC2,1.923333333,1.754166667,107.1233333,0.746666667,138.4166667,227,91,23.802,21.158,7.90610856,21,51.5,158.2087666,8.6,3.8,71.5
287,1,N3,WMINUS,17.461,ORG1,1.92,1.75,81.07083333,-0.349166667,107.25,224,105,20.782,18.732,7.13046624,17.3,52.3,147.0854311,9.2,4.7,69.6
288,1,N3,WMINUS,PHW52*LH185,UIUC7,1.916666667,1.700833333,76.4975,-2.920833333,87.5,228,85,20.132,18.238,6.13256384,18.7,55.3,117.6130199,7.6,3.7,72.4
289,1,N3,WMINUS,PHHB9*PHZ51,UIUC4,1.87,1.745,98.21125,2.44,130.25,247,96,22.502,20.786,6.5317248,17,56.5,125.1714929,8,3.8,72.3
290,1,N3,WMINUS,461.2B24,ORG2,1.886666667,1.7325,95.8475,2.271666667,124.4166667,225,96,21.27,19.264,4.65838984,19.4,55.9,87.62075134,10.7,4.5,68.6
291,1,N3,WPLUS,PHHB9*Q381,UIUC5,1.906666667,1.713333333,66.50583333,-1.020833333,83.41666667,206,76,16.502,15.612,4.20933376,20.4,54.3,80.49603888,10.5,4,69.8
292,1,N3,WPLUS,PHP38*Q381,UIUC6,1.88,1.709166667,84.5375,0.6575,101.5,201,90,24.592,22.464,4.5812792,17.2,53.4,92.66671099,9.7,4,70.3
293,1,N3,WPLUS,PHHB9*PHW30,UIUC3,1.87,1.704166667,79.13083333,1.475,113.6666667,246,88,22.708,20.54,8.06032984,19,55.4,153.7361417,8.7,3.5,71.8
294,1,N3,WPLUS,PHW52*Q381,UIUC8,1.893333333,1.7425,68.68833333,-0.688333333,96,220,77,21.546,18.778,4.71282088,18.1,55,91.54825175,9.1,4,70.9
295,1,N3,WPLUS,PHHB9*PHM49,UIUC1,1.873333333,1.674166667,89.19583333,1.119166667,112.1666667,225,85,23.032,21.47,9.412034,21.3,57.5,168.04991,8.4,3.5,72.2
296,1,N3,WPLUS,PHHB9*PHR63,UIUC2,1.91,1.753333333,59.83083333,-1.673333333,159.3333333,217,95,22.952,20.344,8.69535864,22.2,55.7,158.4381673,8.8,3.7,71.5
297,1,N3,WPLUS,17.461,ORG1,1.926666667,1.7275,81.58333333,-0.519166667,99.5,210,89,21.758,19.704,6.84016736,16.4,54.2,137.6326994,9.5,4.9,69
298,1,N3,WPLUS,PHW52*LH185,UIUC7,1.9,1.74,73.51416667,-0.918333333,93.08333333,214,70,19.92,18.296,6.51811704,19.7,52.6,129.8075236,8,3.9,71.8
299,1,N3,WPLUS,PHHB9*PHZ51,UIUC4,1.846666667,1.689166667,91.73916667,1.109166667,114.6666667,250,95,23.508,21.692,7.5296272,16.9,57.7,141.464215,8.8,3.5,71.8
300,1,N3,WPLUS,461.2B24,ORG2,1.926666667,1.74,79.03083333,0.540833333,98.91666667,211,91,23.21,19.656,5.4657836,20,53.2,107.2207145,10.2,4.7,68.7
301,2,N1,WMINUS,17.461,ORG1,1.92,1.708333333,61.20666667,-2.006666667,81.16666667,220,114,17.762,16.558,5.00311976,18.7,53.9,98.44430295,10.7,4.9,67.8
302,2,N1,WMINUS,PHHB9*Q381,UIUC5,1.883333333,1.743333333,69.87583333,-0.829166667,104.75,194,65,22.302,20.648,4.16397456,18.1,53.5,83.15456506,8,3.7,72.2
303,2,N1,WMINUS,PHHB9*PHM49,UIUC1,1.915,1.71625,73.4575,-1.1925,113,215,87,22.56,21.174,7.36633408,21.7,53.9,139.5957888,7.7,3.7,72.6
304,2,N1,WMINUS,461.2B24,ORG2,1.886666667,1.725,82.74916667,-1.765,105.5833333,220,95,21.406,19.308,4.52684816,20.7,51,91.82202112,10,4.5,69.2
305,2,N1,WMINUS,PHHB9*PHW30,UIUC3,1.873333333,1.7475,75.37916667,0.355833333,110.6666667,245,93,23.138,20.88,8.67721496,19.2,57.7,158.5126086,8.2,3.7,72
306,2,N1,WMINUS,PHHB9*PHZ51,UIUC4,1.883333333,1.735833333,83.71833333,-1.215,107.3333333,257,92,21.37,19.682,6.51811704,17.8,56.2,124.3671166,8.1,3.7,72.1
307,2,N1,WMINUS,PHHB9*PHR63,UIUC2,1.87,1.696666667,66.74583333,-1.2125,104.5833333,225,80,21.908,19.894,7.11685848,21.5,52.2,139.6160647,7.5,3.7,72.6
308,2,N1,WMINUS,PHW52*LH185,UIUC7,1.926666667,1.701666667,80.73583333,-0.286666667,74.25,204,81,17.614,16.41,4.6266384,20.3,54.2,88.75084609,7.3,3.7,72.7
309,2,N1,WMINUS,PHP38*Q381,UIUC6,1.863333333,1.711666667,80.55833333,1.529166667,99.08333333,211,78,21.338,19.178,5.83772904,17.4,55.4,113.5434601,8.5,4.1,71.3
310,2,N1,WMINUS,PHW52*Q381,UIUC8,1.903333333,1.734166667,69.93583333,0.061666667,89,186,68,18.952,17.36,4.48602488,17.7,55.5,86.77935924,8.1,4,71.8
311,2,N1,WPLUS,17.461,ORG1,1.926666667,1.710833333,45.0175,-1.424166667,68.41666667,242,127,18.554,16.66,4.88064992,17,53.3,99.14628596,9.6,4.9,68.8
312,2,N1,WPLUS,PHHB9*Q381,UIUC5,1.846666667,1.695,77.63583333,1.36,106.6666667,211,72,24.616,22.778,6.06906096,17.8,54.3,119.8509268,8.9,3.9,71.1
313,2,N1,WPLUS,PHHB9*PHM49,UIUC1,1.883333333,1.711666667,81.66916667,-2.900833333,117.5833333,225,86,22.008,20.62,7.76549504,21.7,51.5,154.0180387,7.4,3.4,73.1
314,2,N1,WPLUS,461.2B24,ORG2,1.896666667,1.7425,75.89083333,-0.330833333,98.83333333,209,95,20.568,18.764,4.0142892,19.8,51.3,81.8678847,9.7,5.1,68.8
315,2,N1,WPLUS,PHHB9*PHW30,UIUC3,1.876666667,1.744166667,90.42583333,1.6775,105.8333333,239,85,22.562,20.598,7.54777088,19.3,58,136.9973475,7.9,3.7,72.2
316,2,N1,WPLUS,PHHB9*PHZ51,UIUC4,1.923333333,1.74,102.0725,-1.81,110.6666667,252,90,22.98,21.15,6.43193456,18,56.6,121.5589521,7.9,3.6,72.4
317,2,N1,WPLUS,PHHB9*PHR63,UIUC2,1.906666667,1.7325,74.24583333,-1.171666667,106.0833333,226,88,20.548,18.244,7.5749864,21.5,51.4,150.9163539,7.7,3.4,72.9
318,2,N1,WPLUS,PHW52*LH185,UIUC7,1.903333333,1.698333333,74.40666667,0.760833333,97.5,216,85,18.954,17.652,3.9008912,19.2,53,77.57954672,7.6,3.8,72.3
319,2,N1,WPLUS,PHP38*Q381,UIUC6,1.896666667,1.735,69.15666667,0.0325,108,210,82,21.316,19.594,6.2142104,17.9,56.5,117.7954653,8.4,3.8,71.7
320,2,N1,WPLUS,PHW52*Q381,UIUC8,1.913333333,1.7075,82.1475,-1.175833333,80.5,193,67,20.616,18.016,3.73759808,17.3,54.7,73.71547873,8,3.8,71.9
321,2,N3,WPLUS,PHHB9*PHM49,UIUC1,1.903333333,1.724166667,69.1425,-1.235833333,79.91666667,225,88,18.714,17.154,6.05998912,23.2,54.3,111.8101278,10.3,3.8,70.4
322,2,N3,WPLUS,461.2B24,ORG2,1.883333333,1.720833333,89.87166667,1.005833333,113.1666667,228,115,23.654,20.078,3.95532224,21.3,52.3,77.64309231,12.4,5.1,66.4
323,2,N3,WPLUS,PHHB9*PHW30,UIUC3,1.88,1.698333333,86.335,1.101666667,112.25,263,110,20.566,18.134,7.19850504,19,58.6,129.8008765,8.3,3.5,72.1
324,2,N3,WPLUS,PHP38*Q381,UIUC6,1.9,1.755,74.86083333,-0.950833333,113.5833333,234,93,22.18,19.51,5.20270024,18.7,53.5,103.1367583,9.1,4.2,70.9
325,2,N3,WPLUS,PHHB9*PHR63,UIUC2,1.893333333,1.765,66.75166667,0.400833333,110.9166667,225,100,23.93,21.576,8.66814312,21.5,56.7,156.5527066,8.5,3.6,72
326,2,N3,WPLUS,PHHB9*PHZ51,UIUC4,1.876666667,1.6975,79.22083333,1.1825,140.6666667,274,94,22.844,20.516,7.86074936,18.7,54.3,153.5332963,9,3.7,71.5
327,2,N3,WPLUS,17.461,ORG1,1.943333333,1.746666667,77.20333333,-0.55,107.0833333,228,108,22.952,20.334,5.97834256,17.8,52.4,122.3402141,9.3,4.9,69.2
328,2,N3,WPLUS,PHW52*Q381,UIUC8,1.876666667,1.686666667,87.8575,2.511666667,111.75,198,70,21.728,19.064,3.81470872,17.5,56.6,72.53486524,9.5,4.2,70.5
329,2,N3,WPLUS,PHW52*LH185,UIUC7,1.88,1.719166667,84.26166667,0.723333333,99,223,66,21.858,19.598,8.24630256,18.4,55.8,157.3124642,7.6,3.7,72.3
330,2,N3,WPLUS,PHHB9*Q381,UIUC5,1.92,1.743333333,52.835,-0.620833333,96.58333333,212,83,18.848,17.144,5.84680088,17.8,55.8,112.3579564,8.4,3.6,71.9
331,2,N3,WMINUS,PHHB9*PHM49,UIUC1,1.91,1.705,58.36333333,-2.053333333,87.16666667,227,111,19.126,17.738,6.21874632,22.8,55.2,113.4563931,9.7,3.4,71.1
332,2,N3,WMINUS,461.2B24,ORG2,1.886666667,1.728333333,79.7825,1.566666667,147.3333333,198,89,22.312,18.23,4.34541136,21.4,55.3,80.57052976,12.2,4.8,67.1
333,2,N3,WMINUS,PHHB9*PHW30,UIUC3,1.85,1.7125,97.33166667,2.995,129,255,102,21.308,19.522,8.2326948,19.5,52.3,165.3042868,9.2,3.8,71
334,2,N3,WMINUS,PHP38*Q381,UIUC6,1.87,1.705,86.63333333,0.943333333,109.3333333,227,83,23.882,21.616,4.73096456,18.3,51.3,98.28840675,9.3,3.9,70.9
335,2,N3,WMINUS,PHHB9*PHR63,UIUC2,1.915,1.745,85.3725,-0.5625,123.125,228,85,23.706,21.21,8.08300944,22.3,56,146.3032544,8.7,3.6,71.7
336,2,N3,WMINUS,PHHB9*PHZ51,UIUC4,1.886666667,1.715,96.5,1.831666667,132.3333333,254,92,24.808,22.582,7.83353384,18.4,55.3,150.789347,8.3,3.8,72
337,2,N3,WMINUS,17.461,ORG1,1.916666667,1.740833333,76.46583333,-0.735833333,110.9166667,225,122,22.794,20.194,6.84470328,17.2,51.7,143.0020716,9.4,4.8,69.3
338,2,N3,WMINUS,PHW52*Q381,UIUC8,1.86,1.738333333,73.825,-1.168333333,111.8333333,199,76,22.682,19.28,2.8576296,17,55.4,55.84987076,9.7,4,70.5
339,2,N3,WMINUS,PHW52*LH185,UIUC7,1.873333333,1.713333333,91.56,0.905833333,101.3333333,231,86,20.568,18.892,7.68384848,18.5,54.5,149.8952283,7.7,3.5,72.6
340,2,N3,WMINUS,PHHB9*Q381,UIUC5,1.873333333,1.6875,69.4,0.826666667,103.4166667,210,78,20.244,18.442,5.7606184,17.6,55.7,111.1703653,8.9,3.7,71.4
341,2,N2,WPLUS,PHW52*Q381,UIUC8,1.895,1.71,86.92,0.59375,82.375,207,71,18.45,16.006,2.56733072,16.7,54.9,50.81622315,10.7,4,69.5
342,2,N2,WPLUS,17.461,ORG1,1.9,1.715,87.81833333,0.145833333,118.4166667,230,109,22.79,20.952,6.06906096,18.6,54.3,118.6844944,9.5,5,68.9
343,2,N2,WPLUS,PHHB9*Q381,UIUC5,1.873333333,1.681666667,79.25333333,0.979166667,115.25,228,89,20.304,18.284,5.22084392,17.8,54.1,103.4816087,9.1,3.6,71.1
344,2,N2,WPLUS,PHP38*Q381,UIUC6,1.893333333,1.736666667,83.77916667,0.545833333,111.3333333,226,90,21.22,19.082,5.16641288,18.5,52.7,104.2279061,8.8,3.7,71.5
345,2,N2,WPLUS,PHHB9*PHW30,UIUC3,1.886666667,1.708333333,84.11583333,-1.614166667,116.1666667,245,98,22.604,20.04,8.44134712,19.7,58.1,152.1945432,8.3,3.8,71.7
346,2,N2,WPLUS,PHHB9*PHM49,UIUC1,1.896666667,1.719166667,62.57083333,-3.405,101,225,87,23.082,21.05,7.5523068,21.7,55.2,139.7494855,7.6,3.5,72.7
347,2,N2,WPLUS,PHHB9*PHZ51,UIUC4,1.85,1.695,80.765,2.744166667,109.9166667,253,102,21.896,20.126,7.0760352,17.1,55.6,137.6314333,8,3.7,72.1
348,2,N2,WPLUS,PHW52*LH185,UIUC7,1.903333333,1.7275,95.48833333,0.340833333,103.3333333,212,81,18.176,16.658,5.0802304,21,54.4,96.24086321,7.1,3.7,72.6
349,2,N2,WPLUS,PHHB9*PHR63,UIUC2,1.906666667,1.763333333,66.72416667,-0.869166667,106.25,230,89,22.156,20.198,8.30980544,19.8,58.7,148.1068113,7.9,3.7,72.4
350,2,N2,WPLUS,461.2B24,ORG2,1.903333333,1.695833333,113.8308333,1.650833333,95.08333333,235,119,21.722,19.19,4.59035104,19.9,53.3,89.99100769,10.4,4.8,68.6
351,2,N2,WMINUS,PHW52*Q381,UIUC8,1.92,1.753333333,61.2975,-0.82,73.25,191,91,19.842,17.324,4.10954352,18,54.6,80.51238702,9.9,4,70.3
352,2,N2,WMINUS,17.461,ORG1,1.863333333,1.715,76.9375,0.98,108.9166667,230,109,22.726,20.758,6.09627648,17.8,53.1,123.1090161,8.5,4.9,69.7
353,2,N2,WMINUS,PHHB9*Q381,UIUC5,1.86,1.73,78.9825,1.839166667,109.75,210,91,20.342,18.294,8.20094336,18.7,50.6,171.8904507,9.2,3.9,70.9
354,2,N2,WMINUS,PHP38*Q381,UIUC6,1.91,1.729166667,72.97333333,0.175,96.66666667,206,76,21.9,19.888,5.35692152,18.9,50.2,112.8964615,8.6,4,71.2
355,2,N2,WMINUS,PHHB9*PHW30,UIUC3,1.866666667,1.7175,103.9766667,2.725833333,126.9166667,253,104,20.728,18.64,7.72013584,19.4,59.5,136.4240465,8.2,3.8,71.8
356,2,N2,WMINUS,PHHB9*PHM49,UIUC1,1.893333333,1.735,90.94666667,0.053333333,112.4166667,228,89,22.466,20.638,7.8471416,21.4,53.1,151.5260923,8.2,3.4,72.4
357,2,N2,WMINUS,PHHB9*PHZ51,UIUC4,1.883333333,1.706666667,81.99833333,1.429166667,113.4166667,234,84,21.634,19.842,6.40925496,17.5,51.7,133.419363,8,3.5,72.5
358,2,N2,WMINUS,PHW52*LH185,UIUC7,1.936666667,1.718333333,79.325,-0.104166667,79.33333333,221,80,20.028,18.13,4.8307548,20.9,53.6,92.9982116,7.9,3.8,72.1
359,2,N2,WMINUS,PHHB9*PHR63,UIUC2,1.88,1.748333333,79.9675,1.433333333,132.9166667,225,76,24.22,21.24,7.5069476,20.6,55.9,139.0977125,8.6,3.8,71.7
360,2,N2,WMINUS,461.2B24,ORG2,1.91,1.751666667,80.80833333,-0.325833333,114.25,213,90,19.64,17.564,4.59942288,19.3,54.4,89.00735294,9.8,4.7,69
361,3,N2,WPLUS,PHHB9*PHM49,UIUC1,1.926666667,1.721666667,50.2625,-1.095833333,70.41666667,208,102,18.626,17.318,4.03243288,23.6,53.9,74.56236072,9.9,3.6,70.7
362,3,N2,WPLUS,17.461,ORG1,1.896666667,1.716666667,88.05916667,0.954166667,101.5,212,95,22.324,20.54,7.3255108,18.3,53.3,146.4807887,9.5,5.3,68.6
363,3,N2,WPLUS,461.2B24,ORG2,1.87,1.738333333,87.24833333,1.750833333,114,206,80,24.072,20.886,6.41379088,19.7,50.4,133.3053912,10.4,4.6,68.9
364,3,N2,WPLUS,PHHB9*PHR63,UIUC2,1.903333333,1.749166667,71.54916667,0.119166667,117.75,214,92,22.244,19.866,6.15524344,23.5,50.3,122.1199431,7.9,3.7,72.2
365,3,N2,WPLUS,PHHB9*Q381,UIUC5,1.88,1.715833333,94.2825,1.489166667,97.16666667,190,65,20.7,18.656,7.09417888,18.8,56.7,132.5326905,8.6,3.6,71.7
366,3,N2,WPLUS,PHW52*LH185,UIUC7,1.883333333,1.694166667,82.40833333,0.006666667,91.91666667,213,83,22.482,19.498,7.83806976,20.2,51.6,158.1285262,7.1,3.3,73.3
367,3,N2,WPLUS,PHW52*Q381,UIUC8,1.9,1.7075,80.1175,0.9875,94.16666667,202,63,18.686,15.094,4.45427344,17.3,54.7,87.85024285,8.6,4,71.3
368,3,N2,WPLUS,PHP38*Q381,UIUC6,1.896666667,1.708333333,86.04,-0.8625,116.1666667,201,84,19.232,17.722,5.0802304,17.4,55.7,98.27796841,8.8,4,71
369,3,N2,WPLUS,PHHB9*PHW30,UIUC3,1.863333333,1.709166667,89.11083333,1.43,116.5833333,239,99,21.428,19.04,7.81539016,19.5,58.2,141.0169991,8,3.6,72.2
370,3,N2,WPLUS,PHHB9*PHZ51,UIUC4,1.853333333,1.6475,77.23583333,0.7725,89.66666667,252,87,20.888,19.18,5.81051352,17.5,58,107.8172822,8,3.5,72.4
371,3,N2,WMINUS,PHHB9*PHM49,UIUC1,1.9,1.703333333,52.16083333,-2.369166667,75,216,95,18.836,17.294,6.40925496,23.1,53.8,119.5086998,9,3.5,71.6
372,3,N2,WMINUS,17.461,ORG1,1.905,1.73875,55.3975,1.11625,133,222,104,24.682,22.104,4.61756656,18.4,54.8,89.69550382,10.7,4.5,68.5
373,3,N2,WMINUS,461.2B24,ORG2,1.903333333,1.734166667,89.63666667,1.97,111.4166667,224,96,22.04,19.366,7.00346048,20.8,51.5,140.5007181,10.8,5,67.8
374,3,N2,WMINUS,PHHB9*PHR63,UIUC2,1.873333333,1.743333333,75.34083333,-1.675,117.1666667,225,70,23.626,17.676,6.22781816,22.9,51.4,121.8639053,9,3.9,71.1
375,3,N2,WMINUS,PHHB9*Q381,UIUC5,1.886666667,1.706666667,97.6325,0.690833333,107.6666667,212,78,21.092,18.834,6.1008124,19.5,56.2,113.997452,8.7,3.7,71.6
376,3,N2,WMINUS,PHW52*LH185,UIUC7,1.913333333,1.725,89.13833333,0.035,116.9166667,209,68,20.408,18.238,5.0121916,21.7,53.3,96.05282147,7.5,3.6,72.7
377,3,N2,WMINUS,PHW52*Q381,UIUC8,1.91,1.715,84.38625,1.3675,91.5,198,73,20.416,17.962,5.22991576,17.1,52.6,107.5254798,8.9,3.8,71.4
378,3,N2,WMINUS,PHP38*Q381,UIUC6,1.9,1.71,80.435,-0.381666667,105.4166667,206,80,21.266,18.652,6.18245896,18,54.1,122.2434895,8.2,3.9,71.8
379,3,N2,WMINUS,PHHB9*PHW30,UIUC3,1.843333333,1.684166667,83.55416667,1.676666667,140.4166667,244,94,22.782,19.876,6.85831104,18.6,58,125.5629463,8.7,3.8,71.4
380,3,N2,WMINUS,PHHB9*PHZ51,UIUC4,1.833333333,1.671666667,99.69333333,2.200833333,97.83333333,246,94,19.768,18.134,6.75398488,17.2,58,125.7796368,7.4,3.6,72.7
381,3,N1,WMINUS,PHHB9*PHM49,UIUC1,1.916666667,1.696666667,66.53166667,-1.625833333,77.16666667,200,98,42.37,13.676,4.45427344,21.3,54.2,84.37236621,8.8,3.6,71.8
382,3,N1,WMINUS,PHP38*Q381,UIUC6,1.845,1.65875,77.50375,1.78875,129.875,190,79,24.446,22.068,4.9668324,17.6,56.7,94.16110955,8.3,4,71.4
383,3,N1,WMINUS,17.461,ORG1,1.913333333,1.699166667,82.13083333,-0.3375,105.4166667,226,124,23.328,21.212,7.484268,17.8,51.9,154.6328283,10.1,5,68.3
384,3,N1,WMINUS,PHW52*LH185,UIUC7,1.9,1.716666667,72.225,0.666666667,93.66666667,219,68,21.264,19.074,4.3318036,22.6,54.8,79.81363106,7.4,3.7,72.5
385,3,N1,WMINUS,PHHB9*PHW30,UIUC3,1.896666667,1.694166667,87.42416667,-0.484166667,109.8333333,236,79,22.224,19.678,7.19850504,18.8,60.5,126.0349161,7.6,3.7,72.4
386,3,N1,WMINUS,PHHB9*PHR63,UIUC2,1.913333333,1.74,77.6925,-1.275833333,121.3333333,215,79,22.262,19.576,6.463686,23.7,57,112.8698225,7.6,3.6,72.7
387,3,N1,WMINUS,PHW52*Q381,UIUC8,1.926666667,1.7175,45.85,-1.175833333,54.33333333,284,80,14.548,12.926,3.00277904,16.5,54.3,60.2362505,9,3.9,71.2
388,3,N1,WMINUS,PHHB9*PHZ51,UIUC4,1.89,1.6825,98.84333333,0.119166667,87.33333333,235,83,20.996,19.3,6.577084,17.6,50.5,139.9964849,7,3.5,73.3
389,3,N1,WMINUS,461.2B24,ORG2,1.88,1.739166667,85.48333333,0.568333333,108.25,213,94,21.518,18.814,4.49963264,19.3,54.5,86.91645405,9.4,4.3,70
390,3,N1,WMINUS,PHHB9*Q381,UIUC5,1.916666667,1.713333333,110.9175,0.653333333,76.91666667,209,81,19.472,17.546,5.39320888,17.8,56,103.2711327,7.8,3.7,72.2
391,3,N1,WPLUS,PHHB9*PHM49,UIUC1,1.926666667,1.6925,51.64666667,-2.0375,62.25,205,82,16.04,14.78,4.89425768,21.7,53.5,93.44212797,8.3,3.5,72.3
392,3,N1,WPLUS,PHP38*Q381,UIUC6,1.866666667,1.668333333,77.835,1.7175,112.1666667,197,79,23.734,21.82,5.04847896,18.3,56.4,95.40066725,8.6,4.1,71
393,3,N1,WPLUS,17.461,ORG1,1.903333333,1.751666667,76.855,-2.613333333,96.75,212,87,20.088,17.136,6.69501792,16.7,50.4,144.3491124,9.1,5.3,68.8
394,3,N1,WPLUS,PHW52*LH185,UIUC7,1.9,1.725833333,83.035,-0.890833333,84.91666667,225,83,19.892,17.26,3.43369144,21.8,50.7,69.08885076,7.9,3.8,72
395,3,N1,WPLUS,PHHB9*PHW30,UIUC3,1.86,1.72,86.83,1.076666667,119.75,245,99,22.816,19.88,8.25991032,19.1,57.7,151.0761642,7.6,3.7,72.4
396,3,N1,WPLUS,PHHB9*PHR63,UIUC2,1.923333333,1.769166667,76.85222222,-1.964166667,106.25,207,63,21.11,19.012,6.98985272,22.1,57.4,123.7489434,7.9,3.7,72.3
397,3,N1,WPLUS,PHW52*Q381,UIUC8,1.92,1.735833333,68.17083333,-1.345833333,97,188,58,20.556,17.566,3.07081784,16.4,51.1,65.53711831,8.9,3.8,71.3
398,3,N1,WPLUS,PHHB9*PHZ51,UIUC4,1.9,1.7325,84.09916667,0.2325,96.58333333,237,86,20.926,19.016,6.64058688,17.3,54.1,132.4227543,7.4,3.5,72.8
399,3,N1,WPLUS,461.2B24,ORG2,1.876666667,1.705,90.84916667,2.559166667,96,220,92,23.612,20.754,4.55406368,20.5,53.1,88.94460602,9.4,4.7,69.4
400,3,N1,WPLUS,PHHB9*Q381,UIUC5,1.923333333,1.709166667,50.5675,-1.963333333,87,198,76,19.136,16.748,4.73096456,17.4,64.1,79.52791958,8,3.8,72
401,3,N3,WMINUS,PHHB9*PHW30,UIUC3,1.893333333,1.715,69.57666667,-1.456666667,86.91666667,237,112,15.572,13.682,6.26864144,19.4,57,115.6329285,10.3,3.7,70.2
402,3,N3,WMINUS,PHHB9*Q381,UIUC5,1.883333333,1.728333333,71.48833333,1.391666667,107.5833333,213,83,22.832,20.928,8.01950656,17.5,54.3,158.9460263,9.1,3.8,71.2
403,3,N3,WMINUS,PHW52*Q381,UIUC8,1.866666667,1.716666667,77,2.368333333,106.8333333,204,72,22.052,19.59,4.40891424,17.8,55,85.9584723,9.5,4.2,70.6
404,3,N3,WMINUS,PHP38*Q381,UIUC6,1.88,1.728333333,100.0275,1.656666667,103.5833333,202,83,22.402,19.858,5.59732528,17.6,50.5,119.1418361,9.4,4.1,70.6
405,3,N3,WMINUS,PHHB9*PHZ51,UIUC4,1.816666667,1.666666667,95.94166667,2.780833333,125.5833333,253,90,22.21,20.22,7.64756112,18.1,56.1,145.643768,9.3,3.7,71
406,3,N3,WMINUS,PHHB9*PHM49,UIUC1,1.916666667,1.739166667,80.82583333,0.233333333,126.3333333,215,88,24.064,22.45,7.82899792,22.4,57.2,138.5542268,8.5,3.6,72.2
407,3,N3,WMINUS,17.461,ORG1,1.923333333,1.718333333,71.77583333,-1.358333333,89,228,125,19.22,17.476,6.85831104,16.3,51.9,144.2856654,9.1,5.1,69.1
408,3,N3,WMINUS,461.2B24,ORG2,1.893333333,1.731666667,97.60333333,-0.1175,111.9166667,234,113,21.512,18.508,6.08720464,19.5,50.4,126.8326759,10.7,4.9,68.2
409,3,N3,WMINUS,PHW52*LH185,UIUC7,1.883333333,1.698333333,81.9775,1.4125,95.25,225,80,20.894,18.724,5.94659112,19,52.9,118.7805506,7.6,3.5,72.7
410,3,N3,WMINUS,PHHB9*PHR63,UIUC2,1.926666667,1.741666667,82.1425,-0.214166667,117.0833333,220,73,21.552,19.75,7.36633408,20.9,59.8,127.1085076,8,3.7,72.2
411,3,N3,WPLUS,PHHB9*PHW30,UIUC3,1.92,1.7075,69.87083333,-0.806666667,67.41666667,240,122,17.168,15.424,6.68141016,19.5,55.5,126.420918,9.6,3.9,70.8
412,3,N3,WPLUS,PHHB9*Q381,UIUC5,1.866666667,1.748333333,77.6025,0.8025,102.5833333,210,84,22.908,21.166,6.8719188,17.8,54.7,134.7132828,8.7,3.9,71.1
413,3,N3,WPLUS,PHW52*Q381,UIUC8,1.826666667,1.698333333,76.63166667,1.248333333,106.0833333,205,82,21.282,18.794,3.41554776,17,51.7,71.53125107,10.1,4,70.2
414,3,N3,WPLUS,PHP38*Q381,UIUC6,1.863333333,1.715833333,79.5225,1.305833333,111.75,221,99,22.012,20.044,4.64024616,17.8,53.2,93.52960804,9,4,71
415,3,N3,WPLUS,PHHB9*PHZ51,UIUC4,1.856666667,1.721666667,103.5075,3.385833333,125,255,106,22.978,20.93,6.690482,17.3,57.3,125.9668309,8.4,3.5,72.1
416,3,N3,WPLUS,PHHB9*PHM49,UIUC1,1.906666667,1.755833333,83.99333333,0.345,122.5833333,221,79,22.388,20.326,7.69292032,21.7,56.5,139.0760852,8.9,3.6,71.8
417,3,N3,WPLUS,17.461,ORG1,1.92,1.716666667,77.50833333,-0.0125,103.9166667,205,94,23.134,20.556,6.31853656,16.9,53.8,127.3160511,9.7,5,68.8
418,3,N3,WPLUS,461.2B24,ORG2,1.896666667,1.715,102.5775,-0.6225,102.5,223,108,22,18.33,5.67443592,19.1,52.2,114.7225056,10,4.9,68.7
419,3,N3,WPLUS,PHW52*LH185,UIUC7,1.856666667,1.71,104.2408333,2.713333333,119.9166667,226,79,18.998,16.838,7.13046624,19.7,55.6,134.3403857,7.8,3.3,72.7
420,3,N3,WPLUS,PHHB9*PHR63,UIUC2,1.916666667,1.736666667,75.1125,-0.724166667,110.9166667,216,76,20.97,17.252,7.77003096,20.6,58,138.7596409,8.2,3.7,72.2
422,4,N2,WPLUS,PHHB9*PHW30,UIUC3,1.816666667,1.643333333,95.80333333,4.369166667,121,237,78,25.264,22.544,7.91064448,18.4,58,145.1850643,8.7,3.6,71.6
423,4,N2,WPLUS,PHHB9*PHZ51,UIUC4,1.87,1.711666667,81.54166667,1.524166667,147.1666667,249,98,21.276,19.206,7.21664872,17.2,53,147.0746902,9.1,3.6,71.4
424,4,N2,WPLUS,PHHB9*Q381,UIUC5,1.91,1.745833333,78.275,-0.684166667,93.25,213,82,22.206,19.98,4.48602488,19.2,56.2,84.13653688,8.7,3.8,71.3
425,4,N2,WPLUS,PHHB9*PHR63,UIUC2,1.89,1.726666667,78.08916667,1.158333333,116.1666667,212,75,24.878,22.28,7.6883844,19.8,57.1,140.8708899,8.8,3.8,71.4
426,4,N2,WPLUS,461.2B24,ORG2,1.906666667,1.735833333,63.08666667,-2.056666667,95.58333333,199,91,21.08,18.986,5.99648624,19.7,55.3,113.5887092,9.9,4.9,68.9
427,4,N2,WPLUS,PHHB9*PHM49,UIUC1,1.896666667,1.7,79.52333333,-0.379166667,106.25,206,85,20.756,18.706,6.89006248,19.7,64.3,112.2472324,8.3,3.6,72
428,4,N2,WPLUS,PHP38*Q381,UIUC6,1.876666667,1.73,76.57833333,1.1575,127.9166667,212,75,22.776,19.83,5.33424192,17.3,53.3,107.9689599,8.7,3.9,71.4
429,4,N2,WPLUS,PHW52*LH185,UIUC7,1.9,1.724166667,82.025,0.274166667,115.0833333,215,78,20.266,18.286,6.5997636,19,56.3,123.866228,7.7,3.4,72.5
431,4,N2,WMINUS,PHW52*Q381,UIUC8,1.92,1.7025,56.855,-2.9775,75.375,203,96,20.162,17.662,2.00034072,14.9,55.9,39.72552423,10.3,4,69.9
432,4,N2,WMINUS,PHHB9*PHW30,UIUC3,1.85,1.695,70.69416667,0.8675,115.25,233,105,22.806,20.472,4.99858384,18.8,55.5,95.40210033,9.1,4,71
433,4,N2,WMINUS,PHHB9*PHZ51,UIUC4,1.886666667,1.711666667,87.02583333,-0.114166667,101.5,249,100,22.728,19.902,8.7543256,18.1,52.4,178.4938344,8.2,3.5,72.2
434,4,N2,WMINUS,PHHB9*Q381,UIUC5,1.903333333,1.734166667,66.015,0.048333333,93.75,207,92,20.38,18.104,4.23654928,18.2,50.7,89.16727939,9.2,3.6,71.3
435,4,N2,WMINUS,PHHB9*PHR63,UIUC2,1.88,1.7225,75.795,1.753333333,126.9166667,208,87,23.586,21.568,7.70199216,21.2,56.2,140.8772558,8.6,3.6,71.9
436,4,N2,WMINUS,461.2B24,ORG2,1.893333333,1.75,71.1925,-2.594166667,118.4166667,208,91,21.548,19.696,5.6018612,20,55.9,104.5823586,10.4,4.7,68.6
437,4,N2,WMINUS,PHHB9*PHM49,UIUC1,1.89,1.743333333,78.51416667,1.121666667,124.6666667,217,81,21.446,19.662,7.69745624,20.4,54.7,146.1237736,8.4,3.4,72.2
438,4,N2,WMINUS,PHP38*Q381,UIUC6,1.86,1.695,81.64583333,1.424166667,122.8333333,213,76,23.636,21.272,5.6472204,17.2,55.2,110.5029586,8.7,4,71.1
439,4,N2,WMINUS,PHW52*LH185,UIUC7,1.876666667,1.679166667,85.33166667,1.3625,103.5,223,80,20.594,18.224,7.53416312,18.8,53.7,148.6156931,7.6,3.4,72.6
440,4,N2,WMINUS,17.461,ORG1,1.923333333,1.729166667,63.24083333,-0.774166667,90.25,222,128,19.574,17.412,6.19606672,16.9,55.1,121.9027266,8.7,4.9,69.6
441,4,N3,WMINUS,PHHB9*Q381,UIUC5,1.926666667,1.715833333,72.90333333,-0.736666667,113.5833333,203,82,18.064,16.412,4.39077056,17.9,54.9,85.6563305,10.1,3.8,70.2
442,4,N3,WMINUS,17.461,ORG1,1.91,1.748333333,73.79,-0.043333333,98.75,212,96,22.1,15.004,5.42949624,17.8,53.4,109.0279902,10.6,4.9,68.1
443,4,N3,WMINUS,PHHB9*PHW30,UIUC3,1.85,1.726666667,95.97916667,3.65,117.75,242,96,24.792,21.64,9.19884576,17.7,52.2,189.1954023,8.8,3.8,71.4
444,4,N3,WMINUS,PHW52*Q381,UIUC8,1.873333333,1.71,85.14333333,1.044166667,107.5833333,213,83,21.1,19.104,3.05267416,17.1,52.1,63.36437665,9.9,4,70.4
445,4,N3,WMINUS,461.2B24,ORG2,1.903333333,1.729166667,81.88166667,-0.98,105.9166667,200,96,22.646,18.116,6.02823768,19.7,55.2,114.3970286,10.3,4.6,68.8
446,4,N3,WMINUS,PHHB9*PHR63,UIUC2,1.92,1.723333333,74.89,-0.6775,120.8333333,212,91,23.294,20.95,7.94693184,19.2,55.9,149.8466196,8.8,3.8,71.3
447,4,N3,WMINUS,PHW52*LH185,UIUC7,1.873333333,1.680833333,83.77333333,0.280833333,100.25,218,79,20.554,18.74,6.46822192,19.1,53.1,128.5543632,8.1,3.5,72.1
448,4,N3,WMINUS,PHHB9*PHM49,UIUC1,1.926666667,1.73,75.17416667,-0.731666667,102.4166667,215,91,21.442,19.818,8.50938592,21.2,56,156.2011834,8.1,3.8,72
449,4,N3,WMINUS,PHHB9*PHZ51,UIUC4,1.803333333,1.701666667,79.24583333,3.3925,106.1666667,250,95,24.18,21.948,7.20757688,17,57.8,135.0166868,8,3.7,72.2
450,4,N3,WMINUS,PHP38*Q381,UIUC6,1.856666667,1.713333333,100.6575,2.213333333,118.4166667,205,81,23.16,20.904,5.61093304,17.3,58.3,103.8293057,9,3.9,71.1
451,4,N3,WPLUS,PHHB9*Q381,UIUC5,1.926666667,1.719166667,50.89,-0.555,77.83333333,205,102,15.294,13.918,4.5812792,18.5,54.5,89.37082677,10.1,3.7,70.3
453,4,N3,WPLUS,PHHB9*PHW30,UIUC3,1.84,1.696666667,84.63833333,3.048333333,122.8333333,250,89,20.092,17.086,7.5523068,18.9,54,147.9635108,9.1,3.7,71.3
454,4,N3,WPLUS,PHW52*Q381,UIUC8,1.86,1.723333333,86.2375,1.93,92.25,223,96,22.432,19.896,2.93474024,18.2,50.6,61.88998293,9.4,4,70.8
455,4,N3,WPLUS,461.2B24,ORG2,1.91,1.77,87.93416667,0.8525,106.75,231,217,20.18,17.8,6.47275784,19.7,55.2,122.8326258,10.7,4.6,68.6
456,4,N3,WPLUS,PHHB9*PHR63,UIUC2,1.93,1.765833333,78.4675,-3.454166667,107,227,82,23.926,21.332,8.31434136,21.4,58,146.9840849,8.7,3.5,71.9
457,4,N3,WPLUS,PHW52*LH185,UIUC7,1.873333333,1.678333333,84.09083333,0.113333333,100.0833333,225,82,20.902,19.274,7.03974784,18.6,51.9,144.0330175,7.8,3.6,72.2
458,4,N3,WPLUS,PHHB9*PHM49,UIUC1,1.883333333,1.720833333,98.21,0.338333333,105.1666667,222,77,22.52,20.462,7.35272632,21.2,56.9,132.8343091,8.5,3.7,71.9
459,4,N3,WPLUS,PHHB9*PHZ51,UIUC4,1.866666667,1.679166667,87.22666667,0.885,116.6666667,244,110,22.036,19.788,7.56591456,17.4,61.9,131.7039317,8.3,3.5,72.2
460,4,N3,WPLUS,PHP38*Q381,UIUC6,1.863333333,1.690833333,89.60666667,1.836666667,139.5833333,213,76,20.866,18.88,5.40228072,17.8,57.1,101.4520358,8.6,4,71.4
461,4,N1,WMINUS,PHHB9*Q381,UIUC5,1.913333333,1.744166667,57.07333333,-1.16,84.5,191,94,15.156,13.912,3.84646016,17.4,54.2,76.46979192,9.9,3.8,70.3
462,4,N1,WMINUS,461.2B24,ORG2,1.876666667,1.730833333,82.425,4.219166667,108.9166667,222,84,21.582,19.314,4.79900336,19.7,55,91.40118343,10,4.4,69.2
463,4,N1,WMINUS,PHW52*LH185,UIUC7,1.866666667,1.695833333,81.35833333,0.948333333,96.08333333,216,73,20.08,18.03,5.56557384,20.2,53.7,107.8913094,7.2,3.6,72.8
465,4,N1,WMINUS,PHHB9*PHM49,UIUC1,1.91,1.750833333,88.40166667,-0.753333333,103.25,215,95,22.332,20.632,7.67477664,21.7,56.1,139.7373667,7.9,3.6,72.7
466,4,N1,WMINUS,17.461,ORG1,1.94,1.745,85.22416667,-1.4975,110,220,104,21.946,19.6,5.96019888,18.6,52.6,120.3226314,9,5.4,68.8
467,4,N1,WMINUS,PHW52*Q381,UIUC8,1.883333333,1.7175,81.28,1.931666667,93.41666667,212,71,19.578,17.166,4.43612976,17.4,53.6,89.17998764,8.7,4,71.1
468,4,N1,WMINUS,PHP38*Q381,UIUC6,1.863333333,1.701666667,90.60916667,1.165,104.8333333,199,68,20.976,18.556,5.43403216,17.4,53.5,109.4451142,8,3.9,72
469,4,N1,WMINUS,PHHB9*PHR63,UIUC2,1.903333333,1.711666667,62.23416667,-2.111666667,114.75,209,73,21.836,19.524,7.07149928,19.5,56.6,131.201518,7.4,3.5,73
470,4,N1,WMINUS,PHHB9*PHW30,UIUC3,1.866666667,1.718333333,80.36916667,0.110833333,107.9166667,227,72,20.978,18.822,5.3750652,18,56,102.6732883,7.5,3.8,72.5
471,4,N1,WPLUS,PHHB9*Q381,UIUC5,1.926666667,1.746666667,64.53916667,-1.296666667,77.91666667,194,89,15.884,14.148,4.195726,18.4,55.3,80.76441572,9.7,3.8,70.5
472,4,N1,WPLUS,461.2B24,ORG2,1.883333333,1.721666667,82.0125,0.361666667,112.8333333,190,89,16.93,15.378,3.4699788,20.9,51.9,68.98963642,10.8,4,69.2
473,4,N1,WPLUS,PHW52*LH185,UIUC7,1.886666667,1.715,81.92583333,0.928333333,99.91666667,194,59,20.114,17.442,5.70618736,20.4,52.6,112.6474228,7.7,3.8,72.1
475,4,N1,WPLUS,PHHB9*PHM49,UIUC1,1.896666667,1.715833333,79.02166667,0.658333333,116,210,81,24.036,21.582,7.14860992,22,57.4,126.7220584,8.1,3.4,72.6
476,4,N1,WPLUS,17.461,ORG1,1.936666667,1.723333333,50.98916667,-2.508333333,86.5,199,102,20.308,18.036,5.81504944,18.6,52.8,116.9477318,8.7,5.1,69.5
477,4,N1,WPLUS,PHW52*Q381,UIUC8,1.906666667,1.731666667,76.81166667,-0.453333333,99.66666667,197,63,20.786,18.35,3.28400608,16.7,53.7,66.4542219,9,4,71
478,4,N1,WPLUS,PHP38*Q381,UIUC6,1.92,1.743333333,89.00166667,-0.101666667,85,187,70,21.45,18.97,4.63117432,17.5,54.3,91.78953218,8.3,4,71.6
479,4,N1,WPLUS,PHHB9*PHR63,UIUC2,1.866666667,1.740833333,76.085,0.685,111.4166667,205,74,23.322,20.99,7.15314584,19.8,59.9,124.9374204,8.3,3.9,71.8
480,4,N1,WPLUS,PHHB9*PHW30,UIUC3,1.906666667,1.745833333,90.81666667,0.218333333,102.3333333,214,78,20.668,18.74,4.71282088,18.6,57.1,87.64298076,7.8,3.7,72.2
